page_id	title	identifier	is_active	update_time	content_length
475	Western Blotting Service	services/assay-services/western-blotting-service	1	2026-04-13 11:18:29	61584
464	$600 Rare Species Custom Antibody Service	services/custom-antibody-for-rare-species-and-discontinued-antibodies	1	2026-04-13 05:49:01	71420
762	Immunology Antibodies	research-area/immunology-antibodies	1	2026-04-13 05:37:34	40975
850	Hashimoto’s Thyroiditis antibodies	diseases/hashimoto-s-thyroiditis-antibodies	1	2026-04-13 05:28:54	11527
849	Celiac Disease antibodies	diseases/celiac-disease-antibodies	1	2026-04-13 05:24:32	9925
848	Atopic Dermatitis antibodies	diseases/atopic-dermatitis-antibodies	1	2026-04-13 03:15:54	11874
847	Systemic Vasculitis antibodies	diseases/systemic-vasculitis-antibodies	1	2026-04-13 03:04:36	11184
846	Ulcerative Colitis antibodies	diseases/ulcerative-colitis-antibodies	1	2026-04-13 03:00:13	11872
845	Psoriasis antibodies	diseases/psoriasis-antibodies	1	2026-04-13 02:57:35	11820
484	Immunohistochemistry (IHC) Services	services/assay-services/ihc-histology-services	1	2026-04-13 01:40:08	40814
517	ELISA Testing Service | Boster Bio	services/assay-services/elisa-testing-service	1	2026-04-11 13:09:12	30707
512	Multiplex Assay Services | Interactive Panel Selector	services/multiplex-assay-services	1	2026-04-11 12:55:45	31311
61	ELISA Sample Preparation Guide | Bosterbio	protocol-and-troubleshooting/elisa-sample-preparation-guide	1	2026-04-10 06:40:15	24427
15	Western Blot Troubleshooting | Antibody Company, Buy Antibodies Online	protocol-and-troubleshooting/western-blot-troubleshooting	1	2026-04-10 06:35:33	57125
14	Immunohistochemistry (IHC) Troubleshooting Guide	protocol-and-troubleshooting/ihc-troubleshooting	1	2026-04-10 06:23:18	49784
16	Western Blot Protocol | Boster Bio	protocol-and-troubleshooting/western-blot-protocol	1	2026-04-10 06:17:55	49945
21	IHC Protocols | Antibody Company, Buy Antibodies Online	protocol-and-troubleshooting/ihc-protocol	1	2026-04-10 06:12:29	42683
60	Immunohistochemistry (IHC) Fundamental Principle, How IHC Works | Boster	protocol-and-troubleshooting/immunohistochemistry-ihc-principle	1	2026-04-10 05:47:06	122036
306	ELISA Data Analysis Online | Boster Bio	biology-research-tools/elisa-data-analysis-online	1	2026-04-10 05:23:56	28595
782	Search antibody by Research Fields	antibody-categories	1	2026-04-08 03:31:08	24395
757	Cancer Antibodies	research-area/cancer-antibodies	1	2026-04-08 03:23:54	41213
844	Smooth Muscle Cells antibodies	cell-types/smooth-muscle-cells-antibodies	1	2026-04-08 03:12:30	12708
843	Mesenchymal Stem Cells antibodies	cell-types/mesenchymal-stem-cells-antibodies	1	2026-04-08 03:07:20	11040
842	Pericytes antibodies	cell-types/pericytes-antibodies	1	2026-04-08 02:54:34	11984
841	Myeloid-related Entry antibodies	cell-types/myeloid-related-entry-antibodies	1	2026-04-08 02:48:21	11408
840	Neutrophils antibodies	cell-types/neutrophils-antibodies	1	2026-04-08 02:43:05	12088
839	Dendritic cells antibodies	cell-types/dendritic-cells-antibodies	1	2026-04-08 02:34:42	11401
838	Acute myeloid leukemia antibodies	diseases/acute-myeloid-leukemia-antibodies	1	2026-04-08 01:26:27	12564
837	Non-Hodgkin lymphoma antibodies	diseases/non-hodgkin-lymphoma-antibodies	1	2026-04-08 01:09:41	12124
836	Chronic lymphocytic leukemia antibodies	diseases/chronic-lymphocytic-leukemia-antibodies	1	2026-04-08 01:04:48	11443
835	Myelodysplastic syndrome antibodies	diseases/myelodysplastic-syndrome-antibodies	1	2026-04-08 01:02:10	12638
834	Multiple Myeloma antibodies	diseases/multiple-myeloma-antibodies	1	2026-04-08 00:55:10	11351
833	Lymphoma antibodies	diseases/lymphoma-antibodies	1	2026-04-08 00:52:25	11440
832	Head and Neck Cancer antibodies	diseases/head-and-neck-cancer-antibodies	1	2026-04-08 00:45:59	11991
831	Osteosarcoma antibodies	diseases/osteosarcoma-antibodies	1	2026-04-07 09:31:41	11538
830	Cholangiocarcinoma antibodies	diseases/cholangiocarcinoma-antibodies	1	2026-04-07 09:25:27	12601
829	Esophageal Cancer antibodies	diseases/esophageal-cancer-antibodies	1	2026-04-07 09:10:22	11918
828	Liver Cancer antibodies	diseases/liver-cancer-antibodies	1	2026-04-07 08:58:47	12397
826	Endometrial Cancer antibodies	diseases/endometrial-cancer-antibodies	1	2026-04-07 08:02:43	11839
825	Ovarian Cancer antibodies	diseases/ovarian-cancer-antibodies	1	2026-04-07 07:54:54	11745
754	Infectious Disease Antibodies	research-area/infectious-disease-antibodies	1	2026-04-07 07:30:57	30526
144	Flow Cytometry Sample Preparation Optimization	protocol-and-troubleshooting/flow-cytometry-optimization/sample-preparation	1	2026-04-06 02:57:51	11043
147	Flow Cytometry Fluorescent Conjugates (Fluorochrome) Optimization	protocol-and-troubleshooting/flow-cytometry-optimization/fluorescent-conjugates	1	2026-04-06 02:46:21	11856
191	Custom Polyclonal Antibody Development Service	services/custom-polyclonal-antibody-development-service	1	2026-04-02 07:59:38	105368
719	Cardiovascular Disease Antibodies	research-area/cardiovascular-disease-antibodies	1	2026-04-02 06:12:25	32837
760	Epigenetics Antiboies	research-area/epigenetics-antiboies	1	2026-04-02 06:08:34	34600
767	Fibrosis Antibody	research-area/fibrosis-antibody	1	2026-04-02 06:04:25	38739
746	Developmental Biology Antibodies	research-area/developmental-biology-antibodies	1	2026-04-02 06:00:57	38756
729	Metabolism Antibodies	research-area/metabolism-antibodies	1	2026-04-02 05:49:47	35107
749	 Stem Cell and Regenerative Biology Antibodies	research-area/stem-cell-and-regenerative-biology-antibodies	1	2026-04-02 05:47:24	41975
177	Boster Pathway Maps | Boster Bio	pathway-maps	1	2026-04-02 02:52:16	63424
220	Antibodies Validation Information	antibodies-validation-information	1	2026-04-01 17:51:40	19763
747	Neuroscience Antibodies	research-area/neuroscience-antibodies	1	2026-04-01 07:05:42	35155
795	Nanobody Discovery Service | Custom VHH Antibodies	services/custom-antibody-production-services/nanobody-discovery-service-custom-vhh-antibodies	1	2026-03-30 02:47:09	19670
656	Loading Control Antibodies	primary-antibodies/loading-control-antibodies	1	2026-03-30 00:49:52	25530
183	Download 2 Immunology Pathway PDFs Here!	newsletter-archive/20170915-immunology-useful-diagram	1	2026-03-28 15:20:44	15690
597	Inflammasome Signaling Pathway	pathway-maps/immunology-inflammation/inflammasome-signaling-pathway	1	2026-03-28 15:17:08	6386
758	Cell Biology Antibodies	research-area/cell-biology-antibodies	1	2026-03-28 15:13:50	11327
594	B Cell Receptor Signaling Pathway	pathway-maps/immunology-inflammation/b-cell-receptor-signaling-pathway	1	2026-03-28 15:06:17	7842
317	B-Cell Development Pathway | BosterBio	newsletter-archive/20181114-bcell-development-pathway	1	2026-03-28 15:01:15	5007
565	Warburg Effect	pathway-maps/cellular-metabolism/warburg-effect	1	2026-03-28 14:57:52	12763
708	Apoptosis	research-areas/apoptosis	1	2026-03-28 14:52:11	17205
552	Regulation of Apoptosis Pathway	pathway-maps/apoptosis-cell-death/regulation-of-apoptosis-pathway	1	2026-03-28 14:46:54	10495
583	Apoptosis and Death Receptors	pathway-maps/cancer-stem-cells/apoptosis-and-death-receptors	1	2026-03-28 14:42:04	7177
558	Death Receptor Signaling Pathway | Boster Bio	pathway-maps/apoptosis-cell-death/death-receptor-signaling-pathway	1	2026-03-28 14:36:31	18699
755	Apoptosis Antibodies	research-area/apoptosis-antibodies	1	2026-03-28 14:31:42	11284
736	Hepatocytes Antibodies	cell-types/hepatocytes-antibodies	1	2026-03-28 14:05:16	12138
546	Adherens Junction  Pathway | Boster Bio	pathway-maps/adhesion-ecm-cytoskeleton/adherens-junction-pathway	1	2026-03-28 13:54:56	13335
341	Custom Rabbit Monoclonal Antibody Discovery Service | Boster Bio	services/custom-rabbit-monoclonal-antibody-development-service	1	2026-03-27 02:37:52	62578
362	Custom Antibody Production Services	services/custom-antibody-production-services	1	2026-03-27 00:42:28	53238
322	Research Spotlight - December 2018	newsletter-archive/20181212-research-spotlight-december-2018	1	2026-03-26 14:00:57	40841
326	Biological Research Databases & Software	biological-research-databases-software	1	2026-03-26 13:41:44	44366
511	Expert Tips On IHC Antibody Selection, Optimization & Controls	boster-interviews/expert-tips-on-ihc-antibody-selection-optimization-and-ihc-negative-controls	1	2026-03-26 12:06:00	30626
658	Custom Peptide Synthesis	services/custom-peptide-synthesis	1	2026-03-23 12:21:45	54148
685	Recombinant Antibody Production Service	services/recombinant-antibody-production-service	1	2026-03-23 12:19:36	48036
680	Pathology Review Service	services/assay-services/ihc-histology-services/pathology-review-service	1	2026-03-23 12:14:17	35332
269	Antibody Conjugation Service	services/antibody-conjugation-service	1	2026-03-23 10:57:19	35290
660	Antibody Pairs Development Service	services/custom-rabbit-monoclonal-antibody-development-service/antibody-pairs-development-service	1	2026-03-23 10:54:40	36794
76	Custom Mouse Monoclonal Antibodies Production Service	services/custom-monoclonal-antibody-development-service	1	2026-03-23 10:50:51	30679
696	Free Validation For Picoband Antibodies	promotions/free-validation-for-picoband-antibodies	1	2026-03-23 09:21:54	19770
786	zebrafish antibody omni solutions	zebrafish-antibody-omni-solutions	1	2026-03-23 05:30:44	48266
820	High Sensitivity Elisa Kits	high-sensitivity-elisa-kits	1	2026-03-19 00:54:44	33656
824	Bundle and save	bundle-and-save	1	2026-03-18 15:32:38	143
394	ELISA Kits, High Sensitivity Immunoassay Kits | Boster Bio	elisa-kits	1	2026-03-18 07:55:41	71859
812	Elisa_kits_landing_page	elisa_kits_landing_page	1	2026-03-18 05:47:09	85992
134	IHC Embedding Optimization	protocol-and-troubleshooting/ihc-optimization/embedding	1	2026-03-17 11:16:40	15232
250	PCR Troubleshooting Tips | Boster Bio	protocol-and-troubleshooting/pcr-troubleshooting	1	2026-03-17 10:54:22	31394
114	Western Blotting Sample Preparation Optimization | BosterBio	protocol-and-troubleshooting/western-blotting-optimization/sample-preparation	1	2026-03-14 12:19:13	12451
13	Picokine ELISA Kit Troubleshooting | ELISA Test Kits, ELISA Assay Kits	protocol-and-troubleshooting/picokine-elisa-troubleshooting	1	2026-03-14 11:26:17	53795
548	How to design positive and negative controls	how-to-design-positive-negative-controls-ihc-western-blot-elisa	1	2026-03-14 11:13:26	24359
603	Tumor-Infiltrating Immune Cell Marker Guide (Human) Pathway	pathway-maps/immunology-inflammation/tumor-infiltrating-immune-cell-marker-guide-human-pathway	1	2026-03-14 11:10:01	9457
752	NK Cell Antibodies	cell-types/nk-cell-antibodies	1	2026-03-14 11:04:19	11326
64	ELISA Principle, How ELISA Works - Immunoassays | Boster	protocol-and-troubleshooting/elisa-principle	1	2026-03-14 10:55:02	85329
145	Flow Cytometry Intra-cellular Staining Optimization	protocol-and-troubleshooting/flow-cytometry-optimization/perm-fixation-method	1	2026-03-14 06:50:21	11695
521	PCR Sample Preparation	protocol-and-troubleshooting/pcr-sample-preparation	1	2026-03-14 06:26:56	28287
140	Flow Cytometry Sample Preparation | Bosterbio	protocol-and-troubleshooting/flow-cytometry-sample-preparation	1	2026-03-14 06:23:56	15968
135	IHC Antigen Retrieval Optimization	protocol-and-troubleshooting/ihc-optimization/antigen-retrieval	1	2026-03-14 06:15:14	26304
653	Veterinary Diagnostic Kits	assay-kits/veterinary-diagnostic-kits	1	2026-03-14 02:38:37	12017
278	PCR Reagents: Master Mixes & Miniprep Kits	newsletter-archive/20180605-pcr-reagents-master-mixes-miniprep-kits	1	2026-03-14 02:34:53	5705
189	Western Blot WB Technical Blogs | Bosterbio	newsletter-archive-wb	1	2026-03-13 05:36:51	11079
491	Newsletter Archive Page 2020	newsletter-archive-page-2020	1	2026-03-13 05:36:50	19771
187	IHC Technical Blogs | Bosterbio	newsletter-archive-ihc	1	2026-03-13 05:36:46	11489
188	FACS Flow Cytometry Technical Blogs | Bosterbio	newsletter-archive-facs	1	2026-03-13 05:36:44	15512
186	ELISA Technical Blogs | Bosterbio	newsletter-archive-elisa	1	2026-03-13 05:36:41	11630
161	Boster Technical Blogs and News | Bosterbio	newsletter-archive-2019	1	2026-03-13 05:36:40	80383
345	Boster Technical Blogs and News | Bosterbio	newsletter-archive-2018	1	2026-03-13 05:36:19	71791
344	Boster Technical Blogs and News | Bosterbio	newsletter-archive-2017	1	2026-03-13 05:35:59	41479
215	New Pathway Maps - Alzheimer's & Nanog	newsletter-archive/20180110-new-pathway-maps-alzheimers-and-nanog	1	2026-03-13 05:35:44	20175
222	Pathway Maps: Apoptosis	newsletter-archive/20180208-2-new-pathway-maps-apoptosis	1	2026-03-13 05:35:44	19394
170	5 Ingredients to Consider in FACS Buffer	newsletter-archive/20170512-ingredients-facs-buffer	1	2026-03-13 05:35:43	83347
184	Protein Analysis Kits and Reagents Fall Catalog	newsletter-archive/20170922-ar-fall2017	1	2026-03-13 05:35:43	18529
431	Boster Technical Blogs and News | Bosterbio	newsletter-archive	1	2026-03-13 05:35:40	17683
376	Boster Distributors | Geographic Listing	distributors	1	2026-03-13 02:47:02	263129
68	Western Blotting Troubleshooting Guide Download Page | Boster Bio	western-blotting-troubleshooting-guide-download-page	1	2026-03-12 09:32:09	11910
502	Western Blot Reagents and Chemicals	western-blot-reagents	1	2026-03-12 09:32:08	44614
697	Boster Travel Grants	travel-grant	1	2026-03-12 09:32:05	16534
443	Macrophage Markers Test Page	tissue-markers-cell-markers/macrophage-markers	1	2026-03-12 09:32:05	67169
792	zebrafish	support/webinar/250516	1	2026-03-12 09:31:46	69270
686	Sponsorship Program	sponsorship-program	1	2026-03-12 09:31:46	13326
669	Microbiome Analysis Services	services/ngs-services/microbiome	1	2026-03-12 09:31:40	48966
667	Gene Expression Services	services/ngs-services/gene-expression-services	1	2026-03-12 09:31:38	47043
664	Compound Screening Services	services/compound-screening-services	1	2026-03-12 09:31:19	30847
761	Exosomes Antibodies	research-area/exosomes-antibodies	1	2026-03-12 09:30:46	10645
759	Cellular Markers Antibodies	research-area/cellular-markers-antibodies	1	2026-03-12 09:30:41	10896
756	Autophagy Antibodies	research-area/autophagy-antibodies	1	2026-03-12 09:30:35	10927
528	Reagents and Kits	reagents-and-kits	1	2026-03-12 09:30:30	17860
437	Rabbit Monoclonal Antibodies | BosterBio	rabbit-monoclonal-antibodies	1	2026-03-12 09:30:28	89588
26	Western Blotting Principle, How Western Blots Work | Boster	protocol-and-troubleshooting/western-blot-principle	1	2026-03-12 09:30:17	32965
260	PCR Protocols	protocol-and-troubleshooting/pcr-protocol	1	2026-03-12 09:30:08	32304
251	PCR and Molecular Biology Fundamental Principles	protocol-and-troubleshooting/pcr-principle	1	2026-03-12 09:30:06	69062
143	Flow Cytometry Fundamental Principle, How FACS Works | Boster	protocol-and-troubleshooting/flow-cytometry-principle	1	2026-03-12 09:29:52	116154
707	Review and Interview Rewards	promotions/review-and-interview-rewards	1	2026-03-12 09:29:48	18519
536	Happy Valentine's Day | Boster Bio	promotions/happy-valentines-day	1	2026-03-12 09:29:45	6000
501	Primary Antibodies	primary-antibodies	1	2026-03-12 09:29:40	77869
606	SAPK/JNK Signaling Cascades Pathway	pathway-maps/protein-kinase/sapk-jnk-signaling-cascades-pathway	1	2026-03-12 09:29:26	7006
607	MAPK/Erk Growth and Differentiation Pathway	pathway-maps/protein-kinase/mapk-erk-growth-and-differentiation-pathway	1	2026-03-12 09:29:25	6378
608	G-Protein-Coupled Receptors Signaling to MAPK/Erk Pathway	pathway-maps/protein-kinase/g-protein-coupled-receptors-signaling-to-mapk-erk-pathway	1	2026-03-12 09:29:24	6660
556	Alzheimer's Pathway | Boster Bio	pathway-maps/neuroscience/alzheimers-disease-pathway	1	2026-03-12 09:29:23	26236
604	Tumor-Infiltrating Immune Cell Marker Guide (Mouse) Pathway	pathway-maps/immunology-inflammation/tumor-infiltrating-immune-cell-marker-guide-mouse-pathway	1	2026-03-12 09:29:22	5718
602	Toll-like Receptors (TLRs) Signaling Pathway	pathway-maps/immunology-inflammation/toll-like-receptors-tlrs-signaling-pathway	1	2026-03-12 09:29:21	10783
588	PD-1 PD-L1 in Cancer	pathway-maps/immunology-inflammation/pd-1-pd-l1-in-cancer	1	2026-03-12 09:29:20	9840
600	NF-κB Signaling Pathway	pathway-maps/immunology-inflammation/nf-kb-signaling-pathway	1	2026-03-12 09:29:19	10854
586	NF-KappaB p50-p65 Pathway	pathway-maps/immunology-inflammation/nf-kappab-p50-p65-pathway	1	2026-03-12 09:29:18	5598
598	Jak/Stat Signaling: IL-6 Receptor Family Pathway	pathway-maps/immunology-inflammation/jak-stat-signaling-il-6-receptor-family-pathway	1	2026-03-12 09:29:17	819
599	Mechanisms of Fibrosis Pathway	pathway-maps/immunology-inflammation/mechanisms-of-fibrosis-pathway	1	2026-03-12 09:29:17	795
596	Immune Checkpoint Signaling Pathway	pathway-maps/immunology-inflammation/immune-checkpoint-signaling-pathway	1	2026-03-12 09:29:15	9697
605	ErbB/HER Signaling Pathway	pathway-maps/immunology-inflammation/erbb-her-signaling-pathway	1	2026-03-12 09:29:14	9526
591	Cellular Apoptosis	pathway-maps/immunology-inflammation/cellular-apoptosis	1	2026-03-12 09:29:13	5809
595	Cell Intrinsic Innate Immunity Signaling Pathway	pathway-maps/immunology-inflammation/cell-intrinsic-innate-immunity-signaling-pathway	1	2026-03-12 09:29:13	7481
609	B-Cell Development Pathway	pathway-maps/immunology/b-cell-development-pathway	1	2026-03-12 09:29:11	14163
566	 Protein Kinase C Signaling Pathway 	pathway-maps/gpcr-calcium-camp/protein-kinase-c-signaling-pathway	1	2026-03-12 09:29:10	14512
580	Translational Modification Crosstalk Signaling Pathway	pathway-maps/epigenetics/translational-modification-crosstalk-signaling-pathway	1	2026-03-12 09:29:09	8942
584	Phospholipase Signaling Pathway	pathway-maps/gpcr-calcium-camp/phospholipase-signaling-pathway	1	2026-03-12 09:29:09	3602
577	Protein Acetylation Signaling Pathway	pathway-maps/epigenetics/protein-acetylation-signaling-pathway	1	2026-03-12 09:29:08	8167
622	Nucleotide Excision Repair (NER) Pathway	pathway-maps/epigenetics/nucleotide-excision-repair-ner-pathway	1	2026-03-12 09:29:07	5872
582	Nuclear Receptor Signaling Pathway	pathway-maps/epigenetics/nuclear-receptor-signaling-pathway	1	2026-03-12 09:29:06	5946
576	Histone Lysine Methylation Pathway	pathway-maps/epigenetics/histone-lysine-methylation-pathway	1	2026-03-12 09:29:05	7574
578	Epigenetic Writers and Erasers of Histones H3 Pathway	pathway-maps/epigenetics/epigenetic-writers-and-erasers-of-histones-h3-pathway	1	2026-03-12 09:29:05	6132
579	Epigenetic Writers and Erasers of Histones H2A, H2B, and H4 Pathway	pathway-maps/epigenetics/epigenetic-writers-and-erasers-of-histones-h2a-h2b-and-h4-pathway	1	2026-03-12 09:29:04	7152
633	DNA Methylation Pathway	pathway-maps/epigenetics/dna-methylation-pathway	1	2026-03-12 09:29:03	13415
581	ATP-Dependent Chromatin Remodeling Complexes Pathway	pathway-maps/epigenetics/atp-dependent-chromatin-remodeling-complexes-pathway	1	2026-03-12 09:29:02	9427
571	Stem Cell and Lineage Markers Pathway	pathway-maps/developmental-biology-signalling-stem-cells/stem-cell-and-lineage-markers-pathway	1	2026-03-12 09:29:01	8585
573	TGF-β / Smad Signaling Pathway	pathway-maps/developmental-biology-signalling-stem-cells/tgf-b-smad-signaling-pathway	1	2026-03-12 09:29:01	9088
572	Notch Signaling Pathway	pathway-maps/developmental-biology-signalling-stem-cells/notch-signaling-pathway	1	2026-03-12 09:29:00	7176
575	Contribution of Soluble Factors to EMT Pathway	pathway-maps/developmental-biology-signalling-stem-cells/contribution-of-soluble-factors-to-emt-path	1	2026-03-12 09:28:59	10428
574	Contribution of Extracellular Matrix to EMT Pathway	pathway-maps/developmental-biology-signalling-stem-cells/contribution-of-extracellular-matrix-to-emt	1	2026-03-12 09:28:58	7873
569	Regulation of Microtubule Dynamics Pathway	pathway-maps/cytoskeletal-regulation-vesicle-trafficking/regulation-of-microtubule-dynamics-pathway	1	2026-03-12 09:28:57	12300
570	Regulation of Actin Dynamics Pathway	pathway-maps/cytoskeletal-regulation-vesicle-trafficking/regulation-of-actin-dynamics-pathway	1	2026-03-12 09:28:56	10467
620	miRNA in Cancer Pathway	pathway-maps/cytokines/mirna-in-cancer-pathway	1	2026-03-12 09:28:56	6067
545	IL-6 Signaling Pathway	pathway-maps/cytokines/il-6-signaling-pathway	1	2026-03-12 09:28:55	11364
618	IL-3 Signaling Pathway	pathway-maps/cytokines/il-3-signaling-pathway	1	2026-03-12 09:28:54	6376
617	IL-2 Gene Expression in Activated and Quiescent T-Cells Pathway	pathway-maps/cytokines/il-2-gene-expression-in-activated-and-quiescent-t-cells-pathway	1	2026-03-12 09:28:53	7625
567	IL-18 Signaling Pathway	pathway-maps/cytokines/il-18-signaling-pathway	1	2026-03-12 09:28:52	12224
615	Fas Signaling Pathway	pathway-maps/cytokines/fas-signaling-pathway	1	2026-03-12 09:28:52	8219
614	ERK Signaling Pathway	pathway-maps/cytokines/erk-signaling-pathway	1	2026-03-12 09:28:51	9062
613	ErbB2-ErbB3 Heterodimers Pathway	pathway-maps/cytokines/erbb2-erbb3-heterodimers-pathway	1	2026-03-12 09:28:50	6241
612	EGF Pathway	pathway-maps/cytokines/egf-pathway	1	2026-03-12 09:28:49	13579
611	Ebola Virus Pathogenesis Pathway	pathway-maps/cytokines/ebola-virus-pathogenesis-pathway	1	2026-03-12 09:28:48	10643
563	Insulin Receptor Signaling	pathway-maps/cellular-metabolism/insulin-receptor-signaling	1	2026-03-12 09:28:47	12072
559	Hypoxia Signaling Pathway | Boster Bio	pathway-maps/cellular-metabolism/hypoxia-signaling-pathway	1	2026-03-12 09:28:46	14940
557	AMPK Signaling Pathway | Boster Bio	pathway-maps/cellular-metabolism/ampk-signaling-pathway	1	2026-03-12 09:28:45	18440
554	Akt Signaling Pathway 	pathway-maps/cell-signaling/akt-signaling-pathway	1	2026-03-12 09:28:44	17312
568	CMV and MAPK Pathway	pathway-maps/cell-signaling/cmv-and-mapk-pathway	1	2026-03-12 09:28:44	12276
629	Cell Cycle G1S Checkpoint Pathway	pathway-maps/cell-cycle/cell-cycle-g1s-checkpoint-pathway	1	2026-03-12 09:28:43	9667
630	Cell Cycle Control: G2/M DNA Damage Checkpoint Signaling Pathway	pathway-maps/cell-cycle/cell-cycle-control-g2-m-dna-damage-checkpoint-signaling-pathway	1	2026-03-12 09:28:42	1012
624	TNF Signaling Pathway	pathway-maps/cancer-stem-cells/tnf-signaling-pathway	1	2026-03-12 09:28:41	7658
553	Nanog Mammalian ESC Pluripotency	pathway-maps/cancer-stem-cells/nanog-mammalian-esc-pluripotency	1	2026-03-12 09:28:40	17191
623	Oct4 in Mammalian ESC Pluripotency Pathway	pathway-maps/cancer-stem-cells/oct4-in-mammalian-esc-pluripotency-pathway	1	2026-03-12 09:28:40	15485
616	Human Embryonic Stem Cell Pluripotency Pathway	pathway-maps/cancer-stem-cells/human-embryonic-stem-cell-pluripotency-pathway	1	2026-03-12 09:28:39	6710
550	Hedgehog Signaling Pathway	pathway-maps/cancer-stem-cells/hedgehog-signaling-pathway	1	2026-03-12 09:28:38	6936
560	DNA Methylation And Transcriptional Repression	pathway-maps/cancer-stem-cells/dna-methylation-transcription-repression	1	2026-03-12 09:28:37	14541
610	Colorectal Cancer Metastasis Pathway	pathway-maps/cancer-stem-cells/colorectal-cancer-metastasis-pathway	1	2026-03-12 09:28:36	5856
555	Cancer & Stem Cell Signaling Pathway	pathway-maps/cancer-stem-cells/cancer-stem-cell-signaling-pathway	1	2026-03-12 09:28:35	18792
585	Breast Cancer Regulation	pathway-maps/cancer-stem-cells/breast-cancer-regulation	1	2026-03-12 09:28:35	7833
628	Necrotic Cell Death Signaling Pathway	pathway-maps/apoptosis-cell-death/necrotic-cell-death-signaling-pathway	1	2026-03-12 09:28:32	18567
621	Mitochondrial Apoptosis Pathway	pathway-maps/apoptosis-cell-death/mitochondrial-apoptosis-pathway	1	2026-03-12 09:28:31	6093
627	Mitochondrial Control of Apoptosis Pathway	pathway-maps/apoptosis-cell-death/mitochondrial-control-of-apoptosis-pathway	1	2026-03-12 09:28:31	6126
626	Inhibition of Apoptosis Signaling Pathway	pathway-maps/apoptosis-cell-death/inhibition-of-apoptosis-signaling-pathway	1	2026-03-12 09:28:30	10351
549	Autophagy Signaling Pathway 	pathway-maps/apoptosis-cell-death/autophagy-signaling-pathway	1	2026-03-12 09:28:29	11378
547	Angiogenesis Signaling Pathway	pathway-maps/angiogenesis/angiogenesis-signaling-pathway	1	2026-03-12 09:28:27	15347
625	Tumor Angiogenesis Signaling Pathway	pathway-maps/angiogenesis/tumor-angiogenesis-signaling-pathway	1	2026-03-12 09:28:27	5183
631	Wnt / β-Catenin Signaling Pathway	pathway-map/development-biology-stem-cell/wnt-b-catenin-signaling-pathway	1	2026-03-12 09:27:20	13637
562	Hippo Signaling Pathway 	pathway-map/development-biology-stem-cell/hippo-signaling-pathway	1	2026-03-12 09:27:19	12623
632	ESC Pluripotency and Differentiation Signaling Pathway	pathway-map/development-biology-stem-cell/esc-pluripotency-and-differentiation-signaling-pathway	1	2026-03-12 09:27:18	4941
476	Instruments for COVID-19 Testing and Research | Boster Bio	instruments-for-covid-19-testing-and-research	1	2026-03-12 09:27:17	8615
497	Boster Instruments and Machines, 	instruments-and-machines	1	2026-03-12 09:27:17	18196
70	Immunohistochemistry Troubleshooting Guide Download Page | Boster Bio	immunohistochemistry-troubleshooting-guide-download-page	1	2026-03-12 09:27:13	11080
498	Immunohistochemistry IHC Reagents	immunohistochemistry-ihc-reagents	1	2026-03-12 09:27:12	44829
710	How to Choose a Model Organism Guide Download Page | Boster Bio	how-to-choose-a-model-organism-guide-download-page	1	2026-03-12 09:27:10	14036
642	CD68	gene-info/cd68	1	2026-03-12 09:27:08	16238
69	Final Step	final-step	1	2026-03-12 09:27:05	531
71	ELISA Troubleshooting Guide Download Page | Boster Bio	elisa-troubleshooting-guide-download-page	1	2026-03-12 09:27:05	11867
542	Quick ELISA kits | Innovative 90-Min Sandwich ELISA Kits | PicoKine®	elisa-kits/quick-elisa-kits-picokine-90-minutes	1	2026-03-12 09:27:04	25968
303	ELISA Data Analysis Instructions	elisa-data-analysis-instructions	1	2026-03-12 09:26:59	23871
712	eddy-test	eddy-test	1	2026-03-12 09:26:56	56882
773	Thyroid Cancer Antibody	diseases/thyroid-cancer-antibody	1	2026-03-12 09:26:40	10033
769	Stomach Cancer Antibody	diseases/stomach-cancer-antibody	1	2026-03-12 09:26:37	11818
771	Prostate Cancer Antibody	diseases/prostate-cancer-antibody	1	2026-03-12 09:26:32	10962
763	Parkinson's Disease Antibody	diseases/parkinson-s-disease-antibody	1	2026-03-12 09:26:30	11436
772	Pancreatic Cancer Antibody	diseases/pancreatic-cancer-antibody	1	2026-03-12 09:26:28	10653
781	Myasthenia Gravis Antibodies	diseases/myasthenia-gravis-antibodies	1	2026-03-12 09:26:25	10814
768	Lymphoma Antibody	diseases/lymphoma-antibody	1	2026-03-12 09:26:23	10397
770	Lung Cancer Antibody	diseases/lung-cancer-antibody	1	2026-03-12 09:26:20	11443
776	Hypertension Antibodies	diseases/hypertension-antibodies	1	2026-03-12 09:26:18	11431
775	Heart Disease Antibody	diseases/heart-disease-antibody	1	2026-03-12 09:26:15	11103
731	Glioblastoma Antibodies	diseases/glioblastoma-antibodies	1	2026-03-12 09:26:13	11061
730	Gastric Cancer Antibodies	diseases/gastric-cancer-antibodies	1	2026-03-12 09:26:11	10773
726	Epilepsy Antibodies	diseases/epilepsy-antibodies	1	2026-03-12 09:26:08	11024
721	Colorectal Cancer Antibodies	diseases/colorectal-cancer-antibodies	1	2026-03-12 09:26:06	10734
717	Breast Cancer Antibodies	diseases/breast-cancer-antibodies	1	2026-03-12 09:26:01	11798
716	Autism Spectrum Disorder Antibodies	diseases/autism-spectrum-disorder-antibodies	1	2026-03-12 09:25:58	10520
715	Asthma Antibodies	diseases/asthma-antibodies	1	2026-03-12 09:25:56	11215
779	Ankylosing Spondylitis Antibodies	diseases/ankylosing-spondylitis-antibodies	1	2026-03-12 09:25:53	11012
714	Alzheimer's disease antibodies	diseases/alzheimers-disease-antibodies	1	2026-03-12 09:25:51	11217
753	Thrombocytes Antibodies	cell-types/thrombocytes-antibodies	1	2026-03-12 09:25:49	10923
750	T-Cell Antibodies	cell-types/t-cell-antibodies	1	2026-03-12 09:25:46	10806
748	stem cell antibodies	cell-types/stem-cell-antibodies	1	2026-03-12 09:25:44	10528
741	Osteoblasts Antibodies	cell-types/osteoblasts-antibodies	1	2026-03-12 09:25:41	10950
713	Macrophage Antibodies	cell-types/macrophage-antibodies	1	2026-03-12 09:25:36	10976
733	Fibroblasts Antibodies	cell-types/fibroblasts-antibodies	1	2026-03-12 09:25:31	11205
734	Epithelial cells Antibodies	cell-types/epithelial-cells-antibodies	1	2026-03-12 09:25:29	10787
739	Cardiomyocytes antibodies	cell-types/cardiomyocytes-antibodies	1	2026-03-12 09:25:26	11790
751	B-Cell Antibodies	cell-types/b-cell-antibodies	1	2026-03-12 09:25:24	10236
662	Reporter Cell Lines	cells/reporter-cell-lines	1	2026-03-12 09:25:21	58744
519	Buffer Packets and Buffer Recipes for Common Experiments	buffer-packets-and-buffer-recipes-for-common-experiments	1	2026-03-12 09:25:13	46754
10	About Us | Boster Bio: Antibody and ELISA Experts	about-us	1	2026-03-12 09:25:05	47597
165	Boster Bio | ELISA Kits, Antibodies	home	1	2026-03-12 09:24:51	50476
159	Flow Cytometry (FACS) Troubleshooting Guide | FACS Antibodies	protocol-and-troubleshooting/flow-cytometry-troubleshooting	1	2026-03-09 09:06:30	74993
141	Flow Cytometry Protocols | Antibody Company, Buy Antibodies Online	protocol-and-troubleshooting/flow-cytometry-protocol	1	2026-03-09 09:02:51	26903
663	Multiplex IHC Service	services/assay-services/multiplex-ihc-service	1	2026-03-09 05:39:48	29684
384	San Francisco Bay Area Antibody Company	antibody-company	1	2026-03-09 03:36:34	13723
460	SARS-CoV-2 (COVID-19) PCR Kits & RNA Extraction Kits	coronavirus-sars-cov-2-covid-19-pcr-kits	1	2026-03-05 09:22:37	28330
236	Oxidative Stress and Inflammation Products	oxidative-stress-inflammation	1	2026-03-05 09:21:45	9462
323	$600 Custom Zebrafish & Drosophila Antibodies	newsletter-archive/20181218-400-custom-zebrafish-drosophila-antibodies	1	2026-03-05 09:16:19	5751
308	Boster vs Thermo	boster-vs-thermo	1	2026-03-05 09:15:02	62199
504	Recombinant Proteins	recombinant-proteins	1	2026-03-05 09:12:25	132341
505	Secondary Antibodies	secondary-antibodies	1	2026-03-05 09:11:48	107343
212	Who love their immune system?	newsletter-archive/20171208-who-loves-their-immune-system	1	2026-03-05 08:04:52	29155
37	Thank you!	thank-you	1	2026-03-05 07:39:18	17821
336	Get Better Results with Picokine™ ELISA	newsletter-archive/20190220-get-better-results-with-picokine-elisa	1	2026-03-05 07:01:50	5971
425	Allergic Response Pathway	newsletter-archive/20191120-allergic-response-pathway	1	2026-03-05 07:00:41	5586
421	Cytokine Network Pathway	newsletter-archive/20191025-cytokine-network-pathway	1	2026-03-05 06:58:51	4875
338	TCR Signaling Pathway | BosterBio	newsletter-archive/20190306-tcr-signaling-pathway	1	2026-03-05 06:58:01	5397
470	All Product Categories	all-product-categories	1	2026-03-05 06:55:22	52367
229	 Western Blot Troubleshooting Guide embedded PDF | Boster Bio	complete-wb-guide-pdf	1	2026-03-05 06:05:53	3332
230	Immunohistochemistry Troubleshooting Guide embedded PDF | Boster Bio	complete-ihc-guide-pdf	1	2026-03-05 06:02:52	3796
231	Flow Cytometry Troubleshooting Guide embedded PDF | Boster Bio	complete-facs-guide-pdf	1	2026-03-05 06:00:42	3951
9	Quality Control | Antibody Company, Buy Antibodies, ELISA Kits	quality-control-panel	1	2026-03-05 05:59:29	12578
117	Western Blotting Protein Transfer Optimization	protocol-and-troubleshooting/western-blotting-optimization/protein-transfer	1	2026-03-05 05:58:29	11089
129	ELISA Blocking Optimization	protocol-and-troubleshooting/picokine-elisa-optimization/blocking	1	2026-03-05 05:55:49	13524
130	ELISA Plate Washing Optimization	protocol-and-troubleshooting/picokine-elisa-optimization/washing	1	2026-03-05 05:54:53	12076
473	All Technical Support Resources	all-technical-support-resources	1	2026-03-05 05:51:50	27124
513	Q-View™ Imager & Software | Multiplex ELISA Solutions	multiplex-elisa-solutions/q-view-multiplex-elisa-instrument-and-software	1	2026-03-05 05:37:25	11731
514	Pre-Made Multiplex Kits & Custom Printed Kits | Multiplex ELISA Solutions	multiplex-elisa-solutions/multiplex-elisa-kits-premade-and-custom-printed	1	2026-03-05 05:20:05	23660
24	Boster Guarantee	boster-guarantee	1	2026-03-05 02:47:40	3730
205	Monthly Signaling Pathway Posters	newsletter-archive/20171110-your-monthly-signaling-pathway-posters	1	2026-03-05 02:17:56	29425
179	Cancer Research Pathways Free PDFs	newsletter-archive/20170811-cancer-research-pathways	1	2026-03-05 01:32:39	15932
655	Social Media	social-media	1	2026-03-04 09:10:49	2507
790	Analyzing IHC Data: From HALO Software to Pathologist Review	services/assay-services/ihc-histology-services/analyzing-ihc-data-from-halo-to-pathologist-review	1	2026-03-04 09:10:34	27953
789	How to Design and Outsource a Preclinical IHC Study to the Right CRO | IHC Services Guide	services/assay-services/ihc-histology-services/how-to-design-source-preclinical-pathology-study	1	2026-03-04 09:10:33	23388
420	Recombinant Protein Expression Service | BosterBio	services/recombinant-protein-expression-service	1	2026-03-04 09:09:58	49952
347	Research Spotlight – March 2019	newsletter-archive/20190320-research-spotlight-march-2019	1	2026-03-04 06:33:05	56522
311	Breast Cancer Awareness Month | BosterBio	newsletter-archive/20181003-breast-cancer-awareness-month	1	2026-03-04 06:32:25	7644
335	Research Spotlight – February 2019	newsletter-archive/20190214-research-spotlight-february-2019	1	2026-03-04 06:31:46	42708
334	Today is World Cancer Day | Newsletter	newsletter-archive/20190204-today-is-world-cancer-day	1	2026-03-04 06:31:01	6766
395	World Hepatitis Day	newsletter-archive/20190726-world-hepatitis-day	1	2026-03-04 06:26:27	6517
331	Research Spotlight – January 2019 | BosterBio	newsletter-archive/20190116-research-spotlight-january-2019	1	2026-03-04 06:24:59	43637
822	ELISA Assay Development Services	services/assay-services/elisa-assay-development-services	1	2026-02-28 07:52:19	27553
116	SDS-PAGE Optimization	protocol-and-troubleshooting/western-blotting-optimization/sds-page	1	2026-02-26 13:54:16	11146
119	Western Blotting Membrane Blocking Optimization	protocol-and-troubleshooting/western-blotting-optimization/blocking	1	2026-02-26 13:41:13	12873
109	Western Blotting Assay Optimization Tips	protocol-and-troubleshooting/western-blot-optimization	1	2026-02-26 13:25:58	12027
226	Gene Synthesis Service | BosterBio	services/gene-synthesis	1	2026-02-26 05:48:11	38133
193	HEDGEHOG COSTUME PARTY! (Plus 2 signaling pathways)	newsletter-archive/20171013-hedgehog-costume-party	1	2026-02-26 05:46:41	15301
451	Flow-Validated Antibodies for Your Research	newsletter-archive/20200305-flow-validated-antibodies-for-your-research	1	2026-02-26 05:31:43	5135
449	Research Spotlight – February 2020	newsletter-archive/20200220-research-spotlight-february-2020	1	2026-02-26 05:31:08	42904
448	CD40 Signaling Pathway	newsletter-archive/20200212-cd40-signaling-pathway	1	2026-02-26 05:30:47	5270
447	February 4th is World Cancer Day	newsletter-archive/20200204-february-4th-is-world-cancer-day	1	2026-02-26 05:29:16	6100
446	Picokine™ ELISA Kits	newsletter-archive/20200130-picokinetm-elisa-kits	1	2026-02-26 05:28:54	5922
433	Our Quality Guarantee & Scientific Expert Team	newsletter-archive/20200115-our-quality-guarantee-scientific-expert-team	1	2026-02-26 05:28:07	6605
432	What are you looking forward to in 2020? | BosterBio	newsletter-archive/20200108-what-are-you-looking-forward-to-in-2020	1	2026-02-26 05:27:50	4390
429	Save over 50% on items you will need to restock	newsletter-archive/20191211-save-over-50-on-items-you-will-need-to-restock	1	2026-02-26 05:26:54	5079
426	Picoband Mouse Monoclonals for Your Research	newsletter-archive/20191127-picoband-mouse-monoclonals-for-your-research	1	2026-02-26 05:26:20	5953
424	Multiplex ELISA - Save time, sample, and money	newsletter-archive/20191114-multiplex-elisa-save-time-sample-and-money	1	2026-02-26 05:25:39	5618
422	1700+ Flow-Validated Antibodies for Your Research	newsletter-archive/20191031-1700-flow-validated-antibodies-for-your-research	1	2026-02-26 05:25:00	5125
406	Breast Cancer Awareness Month	newsletter-archive/20191004-breast-cancer-awareness-month	1	2026-02-26 05:23:36	6816
405	Custom Antibody Services for Your Research	newsletter-archive/20190925-custom-antibody-services-for-your-research	1	2026-02-26 05:23:16	5564
404	PD-1 PD-L1 Pathway in Cancer	newsletter-archive/20190918-pd-1-pd-l1-pathway-in-cancer	1	2026-02-26 05:22:55	5098
402	September is World Alzheimer's Month	newsletter-archive/20190904-september-is-world-alzheimer-s-month	1	2026-02-26 05:22:18	6095
400	1300+ Rabbit Monoclonals available from Boster	newsletter-archive/20190821-1300-rabbit-monoclonals-available-from-boster	1	2026-02-26 05:21:37	5047
399	CTLA4 Signaling Pathway	newsletter-archive/20190814-ctla4-signaling-pathway	1	2026-02-26 05:21:17	4731
397	$600 Custom Zebrafish & Drosophila Antibodies	newsletter-archive/20190809-600-custom-zebrafish-drosophila-antibodies	1	2026-02-26 05:20:49	4681
393	Toll-Like Receptors Pathway	newsletter-archive/20190718-toll-like-receptors-pathway	1	2026-02-26 05:19:44	4504
392	Traditional ELISA vs Multiplex ELISA	newsletter-archive/20190710-traditional-elisa-vs-multiplex-elisa	1	2026-02-26 05:19:24	6936
390	Glutamine Metabolism Pathway	newsletter-archive/20190619-glutamine-metabolism-pathway	1	2026-02-26 05:18:40	4987
386	Last Month: ELISA Kits Buy 1 Get 1 Free	newsletter-archive/20190510-last-month-elisa-kits-buy-1-get-1-free	1	2026-02-26 05:17:40	4610
353	Caspase Cascade Pathway | BosterBio	newsletter-archive/20190423-caspase-cascade-pathway	1	2026-02-26 03:44:50	4281
349	ELISA Kits Buy 1 Get 1 Free	newsletter-archive/20190329-elisa-kits-buy1-get1-free	1	2026-02-26 03:43:36	10021
333	Glutamine Metabolism Pathway | BosterBio	newsletter-archive/20190131-glutamine-metabolism-pathway	1	2026-02-26 03:40:01	5241
330	Our Quality Guarantee & Scientific Expert Team	newsletter-archive/20190109-our-quality-guarantee-scientific-expert-team	1	2026-02-26 03:39:00	6162
319	1700+ Flow-Validated Antibodies for Your Research	newsletter-archive/201811128-1700-flow-validated-antibodies-for-your-research	1	2026-02-26 03:36:23	6104
313	Allergic Response Pathway | BosterBio	newsletter-archive/20181017-allergic-response-pathway	1	2026-02-26 03:35:04	6929
279	Caspase Cascade Pathway |BosterBio	newsletter-archive/20180614-caspase-cascade-pathway	1	2026-02-26 03:33:12	4316
241	Cancer Stem Cells Signaling Pathway | Bosterbio	newsletter-archive/20180313-cancer-stem-cell-pathway	1	2026-02-26 03:29:44	5813
151	Flow Cytometry Optimization Tips	protocol-and-troubleshooting/flow-cytometry-optimization	1	2026-02-26 03:02:05	9835
146	Flow Cytometry Experimental Controls Optimization	protocol-and-troubleshooting/flow-cytometry-optimization/experimental-controls	1	2026-02-26 03:01:21	14423
120	Western Blotting Antibody Concentration Optimization	protocol-and-troubleshooting/western-blotting-optimization/antibody-concentration	1	2026-02-26 03:00:37	11126
110	Immunohistochemistry (IHC) Optimization Tips	protocol-and-troubleshooting/ihc-optimization	1	2026-02-26 02:59:44	7998
108	ELISA Optimization Tips	protocol-and-troubleshooting/picokine-elisa-optimization	1	2026-02-26 02:58:53	10068
96	ChIP Troubleshooting Guide	frequently-asked-questions/chip-troubleshooting-guide	1	2026-02-26 02:56:14	8804
67	IHC and ICC/IF Sample Preparation | Bosterbio	protocol-and-troubleshooting/ihc-and-icc-if-sample-preparation	1	2026-02-26 02:54:58	17314
65	Western Blot Sample Preparation Guide | Boster Bio	protocol-and-troubleshooting/western-blot-sample-preparation-guide	1	2026-02-26 02:54:32	23946
242	Boster's 25th Anniversary Celebration	newsletter-archive/20180320-25th-anniversary-celebration	1	2026-02-25 03:03:24	5767
263	Small Molecule, Hormone, Inflammation ELISA Kits | Bosterbio	newsletter-archive/20180418-stress-hormone-elisa	1	2026-02-25 03:02:13	5842
675	qPCR Service	services/qpcr-service	1	2026-02-24 07:10:12	40138
654	AAV Packaging Service	services/aav-packaging-service	1	2026-02-24 05:40:31	53241
74	ChIP protocol for Transcription Factors (TF)	protocol-and-troubleshooting/chromatin-immunoprecipitation-chip-for-transcription-factors-protocol	1	2026-02-09 08:13:52	30092
77	ChIP Troubleshooting Guide|Chromatin Immunoprecipitation Troubleshooting	protocol-and-troubleshooting/chromatin-immunoprecipitation-chip-troubleshooting-guide	1	2026-02-09 08:00:28	39634
676	In-Cell Western Blot Service	in-cell-western-blot-service	1	2026-02-09 07:40:22	38036
133	IHC Fixation Optimization	protocol-and-troubleshooting/ihc-optimization/fixation	1	2026-01-31 10:19:52	12577
821	services/multiplex-assay-services/panel-details	services/multiplex-assay-services/panel-details	1	2026-01-30 22:49:17	259007
482	CRO Assay Services | Outsource Experiments, WB, IHC, ICC, ELISA	services/assay-services	1	2026-01-17 14:59:11	20634
745	Custom Polyclonal Antibody Development Service	services/custom-polyclonal-antibody-development-service-draft-copy	1	2026-01-16 06:52:02	15273
168	Flow Cytometry FACS Troubleshooting Guide Download Page | Boster Bio	flow-cytometry-facs-troubleshooting-guide-download-page	1	2026-01-15 13:16:32	9660
156	Flow Cytometry Gating Data	protocol-and-troubleshooting/flow-cytometry-gating	1	2026-01-15 13:06:55	11190
814	fuorescencespectraviewer	spectra-viewer	1	2026-01-13 02:46:37	24288
819	What Are Nanobodies?	services/custom-antibody-production-services/nanobody-discovery-service-custom-vhh-antibodies/what-a	1	2026-01-13 01:24:59	9971
796	What Are Nanobodies?	services/custom-antibody-production-services/nanobody-discovery-service-custom-vhh-antibodies/what	1	2026-01-12 14:34:28	9121
150	Flow Cytometry Fluorescence Staining Optimization	protocol-and-troubleshooting/flow-cytometry-optimization/fluorescence-staining	1	2026-01-12 07:11:13	16637
148	Flow Cytometry Cell Stimulation Optimization	protocol-and-troubleshooting/flow-cytometry-optimization/cell-stimulation	1	2026-01-12 03:37:56	18914
525	ChIP Troubleshooting Guide Download Page | Boster Bio	chip-troubleshooting-guide-download-page	1	2026-01-06 01:06:17	6211
816	datasheet-tool	tools/datasheet	1	2025-12-26 05:58:43	180
379	Datasheet 	datasheet	1	2025-12-26 05:57:06	0
286	ELISA Validation Information	elisa-validation-information	1	2025-12-25 05:58:49	30328
805	Top 100 ELISA Kits — Now 40% Off	promotions/top-100-elisa-40off	1	2025-12-23 02:33:44	45253
815	[PDF] get and compare IHC service quotes fast--use this template	services/assay-services/ihc-histology-services/pdf-get-compare-ihc-service-quotes-fast-template	1	2025-12-20 01:27:09	7813
809	test_conjugated_antibodies	test_conjugated_antibodies	1	2025-12-19 02:51:59	11686
811	elisaApi	elisaapi	1	2025-12-18 07:21:48	120
813	fuorescenceSpectraViewerApi	fuorescencespectraviewerapi	1	2025-12-18 07:20:18	160
503	Cell Line and Tissue Lysates	cell-lysates-and-tissue-lysates	1	2025-12-03 07:39:05	26489
807	free-validation-participants	free-validation-participants	1	2025-11-10 06:41:11	3496
526	Sample Collection Guidelines	services/sample-collection-guidelines	1	2025-11-07 11:52:06	50610
210	PCR Troubleshooting Guide Download Page | Boster Bio	pcr-troubleshooting-guide-download-page	1	2025-11-03 02:07:26	10625
73	Promotions | Boster Bio	promotions	1	2025-10-29 08:19:40	7616
465	COVID-19 Research Antibodies & Recombinant Proteins	covid-19-research-antibodies-and-recombinant-proteins	1	2025-10-24 02:19:48	14760
592	Cytokine Network	pathway-maps/immunology-inflammation/cytokine-network	1	2025-10-11 02:29:07	10121
368	ELISA Protocols	protocol-and-troubleshooting/elisa-protocol	1	2025-09-29 08:24:31	84509
804	Abcam portal	abcam-portal	1	2025-09-23 22:13:54	281
801	SSC test	ssc-test	1	2025-09-23 19:58:40	9958
267	Save up to 99% on common lab reagents | BosterBio	newsletter-archive/20180508-save99per-on-common-lab-reagents	1	2025-09-22 12:54:46	7585
543	Western Blot Glossary | Boster Bio	glossary/western-blot	1	2025-09-22 12:38:12	36351
802	Join Us! The Boster Zebrafish Antibody Collective	programs/zebrafish-antibodies-collective	1	2025-09-05 16:24:09	16151
803	supportFormPage	supportformpage	1	2025-08-28 06:57:16	7138
787	Switching  Savings	promotions/switching-savings	1	2025-08-11 05:18:42	12619
737	Neuron Antibodies	cell-types/neuron-antibodies	1	2025-08-06 09:08:59	9937
738	Glial cells Antibodies	cell-types/glial-cells-antibodies	1	2025-08-06 09:05:27	9970
735	Endothelial Cells Antibodies	cell-types/endothelial-cells-antibodies	1	2025-08-06 09:00:53	10380
740	Chondrocytes Antibodies	cell-types/chondrocytes-antibodies	1	2025-08-06 08:56:42	8587
743	Adipocytes Antibodies	cell-types/adipocytes-antibodies	1	2025-08-06 08:51:08	9422
780	Sjogren's Syndrome Antibodies	diseases/sjogren-s-syndrome-antibodies	1	2025-08-05 05:50:23	8763
766	Rheumatoid Arthritis Antibody	diseases/rheumatoid-arthritis-antibody	1	2025-08-05 05:45:29	8788
764	Multiple Sclerosis Antibody	diseases/multiple-sclerosis-antibody	1	2025-08-05 05:37:11	9342
774	Melanoma Antibody	diseases/melanoma-antibody	1	2025-08-05 05:33:33	9433
727	Endometriosis Antibodies	diseases/endometriosis-antibodies	1	2025-08-05 03:42:47	10502
724	Diabetes Mellitus Antibodies	diseases/diabetes-mellitus-antibodies	1	2025-08-05 03:39:11	9527
725	Depression Antibodies	diseases/depression-antibodies	1	2025-08-05 03:34:25	10258
723	Cystic Fibrosis Antibodies	diseases/cystic-fibrosis-antibodies	1	2025-08-05 03:30:18	9167
722	Crohn's Disease Antibodies	diseases/crohn-s-disease-antibodies	1	2025-08-05 03:27:07	8795
718	Bipolar Disorder Antibodies	diseases/bipolar-disorder-antibodies	1	2025-08-05 03:19:42	9610
777	Nephrotic Syndrome Antibodies	diseases/nephrotic-syndrome-antibodies	1	2025-08-05 02:48:11	9404
728	Fibromyalgia Antibodies	diseases/fibromyalgia-antibodies	1	2025-08-05 02:44:42	9773
720	Chronic Obstructive Pulmonary Disease (COPD) Antibodies	diseases/chronic-obstructive-pulmonary-disease-copd-antibodies	1	2025-08-05 02:35:22	8852
732	AIDs antibodies	diseases/aids-antibodies	1	2025-08-05 02:28:25	7695
765	Amyotrophic Lateral Sclerosis Antibody	diseases/amyotrophic-lateral-sclerosis-antibody	1	2025-08-05 01:29:33	10628
417	Fund For Future | Bosterbio Scholarships	scholarships	1	2025-08-01 17:33:33	14401
113	Immunohistochemistry (IHC) Resource Center	immunohistochemistry-ihc-technical-resource-center	1	2025-07-28 02:48:40	13399
115	Protein Quantification Assay Optimization	protocol-and-troubleshooting/western-blotting-optimization/protein-quantification	1	2025-07-26 14:03:36	11418
778	Systemic Sclerosis Antibodies	diseases/systemic-sclerosis-antibodies	1	2025-07-16 02:16:06	10574
508	My Projects	my-projects	1	2025-06-12 17:54:36	139
647	My Quotes | Boster Bio	my-quotes	1	2025-06-12 17:50:01	134
645	my-projects/update	my-projects/update	1	2025-06-12 07:24:58	141
648	My Quote Details | Boster Bio	my-quotes/quote-details	1	2025-06-12 07:24:42	147
702	Scholarships and Grants	support-programs	1	2025-05-29 21:13:50	4022
797	free validation case studies	promotions/free-validation-for-picoband-antibodies/case-studies	1	2025-05-27 07:12:37	7266
75	ChIP protocol for Histones	protocol-and-troubleshooting/chromatin-immunoprecipitation-chip-for-histones-protocol	1	2025-05-26 13:47:33	16943
636	AAV Production	protocol-and-troubleshooting/aav-production-principle	1	2025-05-26 13:26:10	18428
131	ELISA Antibody Concentration Optimization	protocol-and-troubleshooting/picokine-elisa-optimization/antibody-concentration	1	2025-05-26 13:15:35	8909
132	ELISA Detection System Optimization	protocol-and-troubleshooting/picokine-elisa-optimization/detection-system	1	2025-05-26 13:14:07	9630
799	Case Study 2 For Antibody Free Validation	promotions/free-validation-for-picoband-antibodies/case-studies/case-study-2	1	2025-05-26 07:08:22	6856
530	ELISA Service Report.pdf	elisa-service-dashboard/report	1	2025-05-23 21:43:54	0
365	Boster's terms and conditions	boster-terms-and-conditions	1	2025-05-22 21:50:46	31741
785	free-validation-thank-you	free-validation-thank-you	1	2025-05-19 03:18:24	7435
798	Boster Brands	about-us/boster-brands	1	2025-05-16 02:59:10	17182
619	IL-17 Signaling Pathway	pathway-maps/cytokines/il-17-signaling-pathway	1	2025-05-09 11:16:18	5428
651	My Orders	my-orders	1	2025-04-18 17:14:09	134
695	Picoband Picokine Buy One Get One Free	promotions/picoband-picokine-buy-one-get-one-free	1	2025-04-18 02:54:02	4099
793	Case Study For Antibody Free Validation	promotions/free-validation-for-picoband-antibodies/case-studies/case-study-1	1	2025-04-18 00:29:47	8482
794	List of Samples for Free Validation	promotions/free-validation-for-picoband-antibodies/list-of-samples-for-free-validation	1	2025-04-16 22:31:02	41969
791	Boster Webinar	support/webinar	1	2025-04-14 10:40:12	1966
788	New Lab Promotion	promotions/new-lab-promotion	1	2025-04-11 02:28:04	3624
701	eddyTest	eddytest	1	2025-02-11 00:04:25	10742
551	WNT Signaling Pathway	pathway-maps/apoptosis-cell-death/wnt-signaling-pathway	1	2025-02-07 01:05:23	13562
784	erp2	erp2	1	2025-01-27 23:34:57	336
54	Boster Referral Program	promotions/referral-program	1	2024-12-19 01:26:28	2688
744	Myocytes Antibodies	cell-types/myocytes-antibodies	1	2024-12-12 08:20:17	11437
34	WB IHC ELISA FACS PCR Troubleshooting Handbooks | Boster	wb-ihc-elisa-troubleshooting-handbooks	1	2024-12-08 14:43:43	15540
711	How to Choose a Model Organism Guide embedded PDF | Boster Bio	complete-model-organism-pdf	1	2024-12-08 11:20:38	5119
225	ELISA Troubleshooting Guide embedded PDF | Boster Bio	complete-elisa-guide-pdf	1	2024-12-08 11:18:40	3717
439	Buffer Calculator	biology-research-tools/buffer-calculator	1	2024-11-29 05:52:33	32502
709	Test Publications	test-publications	1	2024-11-25 11:06:26	0
706	publications-upload	publications-upload	1	2024-10-24 17:52:37	3710
705	survey of consumables	survey-of-consumables	1	2024-09-24 01:45:32	620
687	tradeshow-survey	tradeshow-survey	1	2024-09-23 17:16:45	620
587	Toll-Like Receptors Pathway	pathway-maps/immunology-inflammation/toll-like-receptors-pathway	1	2024-09-12 01:23:55	744
590	Caspase Cascade	pathway-maps/immunology-inflammation/caspase-cascade	1	2024-09-11 01:33:28	6063
589	Allergic Response	pathway-maps/immunology-inflammation/allergic-response	1	2024-09-11 01:26:06	9978
703	erp	erp	1	2024-08-29 18:18:18	425
56	Career Opportunities | BosterBio	career-opportunities	1	2024-07-19 05:34:18	3544
699	popular blogs	popular-blogs	1	2024-06-28 01:32:26	12196
106	Ordering Frequently Asked Questions | BosterBio	faqs	1	2024-06-12 01:02:59	25518
691	Google Events testing page	google-events-testing-page	1	2024-04-23 03:18:44	1185
182	Free Secondary Antibodies | Boster Bio	promotions/buy-primary-antibody-get-free-secondary-antibody	1	2024-03-22 15:54:53	2083
693	Citeab Test	citeab-test	1	2024-03-14 18:52:01	481
692	bapi	bapi	1	2024-02-22 20:24:37	112
537	Sample Or Bulk Discount Request Form | Boster Bio	sample-or-bulk-discount-request-form	1	2024-02-13 23:46:27	5260
539	Boster Customer Panel	promotions/boster-customer-panel	1	2024-02-13 23:46:27	6287
665	NGS Services	services/ngs-services	1	2024-02-13 23:46:27	32009
668	Epigenetics Analysis Services	services/ngs-services/epigenetics	1	2024-02-13 23:46:27	57440
112	Western Blotting Technical Resource Center	western-blotting-technical-resource-center	1	2024-01-24 09:28:19	14787
689	50% OFF: PicoKine ELISA & Picoband Antibodies | Boster Bio	promotions/50-percent-off-picokine-elisa-kits-picoband-primary-antibodies	1	2023-12-15 12:24:16	2264
111	ELISA Technical Resource Center	elisa-technical-resource-center	1	2023-11-18 02:03:37	13760
688	tradeshow-survey-thank-you	tradeshow-survey-thank-you	1	2023-11-09 20:07:03	918
593	TCR Signaling	pathway-maps/immunology-inflammation/tcr-signaling	1	2023-09-24 16:02:57	9866
661	Place Order with Quote	place-order-with-quote	1	2023-09-05 17:35:09	2689
564	Glutamine Metabolism Pathway 	pathway-maps/cellular-metabolism/glutamine-metabolism	1	2023-08-30 11:50:29	15906
683	fancy-form-test	fancy-form-test-success	1	2023-08-26 08:11:05	359
361	Boster Biological Technology Services	services	1	2023-08-21 06:56:16	10118
684	api	api	1	2023-07-20 19:19:13	4
541	Immunofluorescence Glossary | Boster Bio	glossary/immunofluorescence	1	2023-06-23 08:13:26	25904
139	Flow Cytometry Technical Resource Center	flow-technical-resource-center	1	2023-06-19 09:25:57	15042
681	publication-update	publication-update	1	2023-03-09 07:27:03	1535
679	Get Invoice Tracking Number	tracking-number	1	2023-02-14 18:02:12	576
678	catalogsearch-result	catalogsearch-result	1	2023-01-15 05:59:35	144
677	warehouse-portal	warehouse-portal	1	2023-01-06 05:43:27	642
416	CJ Custom Script	cj-custom-script	1	2022-11-13 18:27:40	128
673	Welcome! Sign up and get $50 off your first order	promotions/welcome50	1	2022-10-19 07:02:30	1136
466	SARS-CoV-2 Sample Testing Multiplex Assay Service	sars-cov-2-sample-testing-multiplex-assay-service	1	2022-09-12 19:29:12	23003
457	Coronavirus: SARS-CoV-2 (COVID-19) Related Research Antibodies & Biomarkers	coronavirus-sars-cov-2-covid-19-antibodies-biomarkers	1	2022-09-12 19:07:05	230021
492	Newsletter Archive Detail Page 2020	newsletter-archive-detail-page-2020	1	2022-09-12 19:07:05	5019
637	Recombinant Protein Principle 	protocol-and-troubleshooting/recombinant-protein-principle	1	2022-07-09 23:54:11	12305
522	Boster Interviews | Biologists Sharing Insights	boster-interviews	1	2022-07-09 23:40:11	3124
415	Antibody Testimonials, ELISA Kits Testimonials | Bosterbio	testimonials	1	2022-07-09 23:25:36	131
458	Boster COVID-19 Products & Services	boster-covid-19-products-and-services	1	2022-04-08 21:17:40	11388
643	BDNF	gene-info/bdnf	1	2021-12-03 17:37:22	15676
640	Humanized Antibody	protocol-and-troubleshooting/humanized-antibody	1	2021-11-10 12:28:45	9805
639	Custom Antibody Production Principle 	protocol-and-troubleshooting/custom-antibody-production-principle	1	2021-11-10 11:00:11	14556
294	World Alzheimer's Month	newsletter-archive/20180912-world-alzheimer-month	1	2021-11-02 11:18:19	6497
292	Picoband™ Mouse Monoclonals for Your Research	newsletter-archive/20180822-picoband-mouse-monoclonals-for-your-research	1	2021-11-02 06:03:09	6879
291	See Our Top 3 Pathways & Request Your FREE Poster Today	newsletter-archive/20180815-see-our-top3-pathways-request-your-free-poster	1	2021-11-01 14:29:03	5761
289	Get our CTLA4 signaling pathway map	newsletter-archive/20180731-get-our-ctl4-signaling-pathway	1	2021-11-01 11:58:30	5571
288	World Hepatitis Day | BosterBio	newsletter-archive/20180726-world-hepatitis-day	1	2021-11-01 11:32:45	6855
280	FREE Shipping for Everyday Lab Reagents	newsletter-archive/20180622-free-shipping-everyday-lab-reagents	1	2021-10-31 11:57:34	5680
277	Oxidative Stress, Hormones, and Inflammation ELISAs	newsletter-archive/20180530-oxidative-stress-hormones-inflammation-elisa	1	2021-10-31 06:37:40	5556
276	Cytokine Network Poster	newsletter-archive/20180515-cytokine-network-poster	1	2021-10-31 06:24:40	5682
534	Boster Customer Support Code of Conduct	boster-customer-support-code-of-conduct	1	2021-10-13 23:48:06	22249
601	T Cell Receptor Signaling Pathway	pathway-maps/immunology-inflammation/t-cell-receptor-signaling-pathway	1	2021-09-09 07:11:53	762
561	Cancer & Stem Cell Signaling Pathway	cancer-stem-cell-signaling-pathway	1	2021-08-05 17:47:51	18745
246	PCR Technical Resource Center	pcr-technical-resource-center	1	2021-06-29 06:57:39	10828
295	Molarity Calculator	biology-research-tools/molarity-calculator	1	2021-04-20 23:30:32	12344
142	Santa Cruz Replacement Antibodies & Alternatives	santa-cruz-antibodies-replacement-program	1	2021-04-20 23:30:32	10175
232	PCR Troubleshooting Guide embedded PDF | Boster Bio	complete-molbio-guide-pdf	1	2021-04-20 23:30:32	1641
516	Custom Multiplex Assay Development | Multiplex ELISA Solutions	multiplex-elisa-solutions/custom-multiplex-elisa-assay-development	1	2021-04-14 18:58:51	7975
6	Privacy | Antibody Company, Monoclonal Antibodies, ELISA Kits	privacy-policy-cookie-restriction-mode	1	2021-04-14 18:58:51	13627
524	SmartReader 96 Microplate Absorbance Reader Promotion | Boster Bio	promotions/smartreader_96_microplate_absorbance_reader_promotion	1	2021-04-14 18:58:51	1709
531	ELISA Service Vendor Portal	elisa-service-vendor-portal	1	2021-04-14 18:58:51	1074
296	Boster Tools For Biology Research	biology-research-tools	1	2021-04-14 18:58:51	2396
369	Supplier & Vendor Setup	supplier-vendor-setup	1	2021-04-14 18:58:51	2524
158	Terms Of Service | Bosterbio	terms-of-service	1	2021-04-14 18:58:51	16998
442	Third-Party Imager Requirements | Multiplex ELISA Solutions	multiplex-elisa-solutions/q-view-multiplex-elisa-instrument-and-software/plate-reader-requirements	1	2021-04-14 18:58:51	4381
527	ChIP Troubleshooting Guide embedded PDF | Boster Bio	complete-chip-guide-pdf	1	2021-03-28 22:05:14	371
157	Privacy Policy | Bosterbio	privacy-policy	1	2021-03-28 22:05:14	20745
1	404 Not Found | Antibody Company, Monoclonal Antibodies	no-route	1	2021-02-18 12:35:53	3673
4	Contact Us | Boster Bio	contact-us	1	2021-02-18 12:33:21	113
533	Kick-Start Your Biomarker Panel Research In Under 3 Minutes	kick-start-your-biomarker-panel-research-in-under-3-minutes	1	2021-02-11 04:57:13	1443
463	Multiplex COVID-19 Biomarkers Assay SARS-CoV-2 Human IgG (4-Plex)	multiplex-covid-19-biomarkers-assay-sars-cov-2-human-igg-4-plex	1	2020-12-08 22:50:46	15591
5	Enable Cookies | Antibody Company, Monoclonal Antibodies, Polyclonal Antibodies	enable-cookies	1	2020-11-13 01:50:42	4995
529	ELISA Service Dashboard	elisa-service-dashboard	1	2020-10-20 22:49:28	142
515	Demo Package | Multiplex ELISA Solutions	multiplex-elisa-solutions/multiplex-elisa-demo-package	1	2020-08-24 18:03:59	3614
380	COA	coa	1	2020-04-07 07:14:00	0
381	MSDS	msds	1	2020-04-07 07:14:00	0
382	Antibody Coa	antibody-coa	1	2020-04-07 07:14:00	0
383	Antibody MSDS	antibody-msds	1	2020-04-07 07:14:00	0
412	ez set elisa kit datasheet	ez-set-elisa-kit-datasheet	1	2020-04-07 07:14:00	0
441	Stock Check	stock-check	1	2020-04-07 07:14:00	131
375	Antibody Validation Service | Boster Bio	services/antibody-validation-service	0	2026-03-12 09:31:00	25347
817	Rapid Antibody Conjugation Kits	antibody-conjugation-kits	0	2026-03-12 09:25:07	14104
181	Homepage mockup	homepage-mockup	0	2026-03-12 09:15:23	60947
800	Henry test	henry-test	0	2026-03-04 09:10:40	15909
436	TNF Alpha	gene/tnfa-tnf-alpha	0	2026-03-04 09:09:59	63845
259	Polymerase Chain Reaction (PCR) Protocols	protocol-and-troubleshooting/molecular-biology-protocols-pcr	0	2026-03-04 09:09:56	17112
22	Tech Support | Antibody Company, Buy Antibodies, ELISA Kits	technical-support	0	2026-03-04 09:09:56	9044
126	ELISA Troubleshooting: High Background	frequently-asked-question/elisa-troubleshooting/high-background	0	2026-02-26 05:44:31	5512
125	ELISA Troubleshooting: Saturated Signal	frequently-asked-question/elisa-troubleshooting/saturated-signal	0	2026-02-26 05:44:12	4998
124	ELISA Troubleshooting	frequently-asked-question/elisa-troubleshooting	0	2026-02-26 05:44:02	6510
123	IHC Troubleshooting	frequently-asked-question/ihc-troubleshooting	0	2026-02-26 05:43:44	3031
93	IHC Troubleshooting: High Background | Bosterbio	protocol-and-troubleshooting/ihc-troubleshoot/ihc-troubleshooting-high-background	0	2026-02-26 05:43:26	17555
80	Page 2 Boster Satisfaction Survey | Share your feedback with Boster	feedback-page-2	0	2026-02-26 05:42:58	6940
66	IHC Sample Preparation	protocol-and-troubleshooting/ihc-sample-preparation	0	2026-02-26 05:42:39	4070
223	Happy Lunar Year	newsletter-archive/20180215-happy-lunar-new-year	0	2026-02-26 05:36:17	19426
469	All Genes Infographics	all-genes-infographics	0	2026-02-26 05:32:21	26671
452	Coronavirus - Stay Informed & Stay Healthy	newsletter-archive/20200312-coronavirus-stay-informed-stay-healthy	0	2026-02-26 05:32:03	5811
450	Predicting Western Blot Band Sizes	newsletter-archive/20200226-predicting-western-blot-band-sizes	0	2026-02-26 05:31:24	4692
445	How to Choose a Good ELISA Kit	newsletter-archive/20200123-how-to-choose-a-good-elisa-kit	0	2026-02-26 05:28:29	4354
430	Happy Holidays from Boster!	newsletter-archive/20191219-happy-holidays-from-boster	0	2026-02-26 05:27:17	3974
428	6 IHC Controls You Should Know	newsletter-archive/20191205-6-ihc-controls-you-should-know	0	2026-02-26 05:26:38	4439
423	ELISA Data Analysis - The Standard Curve	newsletter-archive/20191106-elisa-data-analysis-the-standard-curve	0	2026-02-26 05:25:20	4521
409	See you at Neuroscience 2019	newsletter-archive/20191018-see-you-at-neuroscience-2019	0	2026-02-26 05:24:10	4456
408	How to Determine Antibody Cross-Reactivity	newsletter-archive/20191009-how-to-determine-antibody-cross-reactivity	0	2026-02-26 05:23:54	4488
403	NIH Research Festival & Texas Medical Center LSE Show - See you there	newsletter-archive/20190911-nih-research-festival-texas-medical-center-lse-show-see-you-there	0	2026-02-26 05:22:41	4492
401	Guidelines for Preparing ELISA Standards	newsletter-archive/20190828-guidelines-for-preparing-elisa-standards	0	2026-02-26 05:21:54	4375
396	3 Main Types of IHC/ICC Fixatives	newsletter-archive/20190801-3-main-types-of-ihc-icc-fixatives	0	2026-02-26 05:20:30	4650
391	Multiplex ELISA - Save time, sample, and money	newsletter-archive/20190626-multiplex-elisa-save-time-sample-and-money	0	2026-02-26 05:19:04	13269
389	5 Pitfalls to Avoid for ELISA	newsletter-archive/20190612-5-pitfalls-to-avoid-for-elisa	0	2026-02-26 05:18:21	4530
387	CD40 Signaling Pathway	newsletter-archive/20190515-cd40-signaling-pathway	0	2026-02-26 05:18:01	12597
367	EZ-Set™ ELISA Kit Protocol	protocol-and-troubleshooting/elisa-protocols/ez-set	0	2026-02-26 05:17:09	18380
366	ELISA: How many samples can I run on a plate?	frequently-asked-question/how-many-samples-can-i-run-on-a-plate	0	2026-02-26 05:16:39	10104
355	Visit Boster's Booth #1301 at AAI 2019 Annual Meeting	newsletter-archive/20190507-visit-boster-booth-1301-at-aai-2019-annual-meeting	0	2026-02-26 03:45:23	4212
354	5 Tips to Reduce Autofluorescence | BosterBio	newsletter-archive/20190430-5tips-to-reduce-autofluorescence	0	2026-02-26 03:45:09	4842
352	Happy Easter from Boster!	newsletter-archive/20190419-happy-easter-from-boster	0	2026-02-26 03:44:35	8837
351	How to Choose a Good ELISA Kit | BosterBio	newsletter-archive/20190411-how-to-choose-a-good-elisa-kit	0	2026-02-26 03:44:15	11901
350	$600 Custom Zebrafish & Drosophila Antibodies	newsletter-archive/20190403-600-custom-zebrafish-drosophila-antibodies	0	2026-02-26 03:43:57	12598
348	AACR & EB 2019 Annual Meetings – See you there	newsletter-archive/20190327-aacr-eb-2019-annual-meetings	0	2026-02-26 03:43:17	10781
346	Buy One & Get One ELISA Kit Free	newsletter-archive/20190315-buyone-getone-elisakit-free	0	2026-02-26 03:42:37	10029
337	Predicting Western Blot Band Sizes |BosterBio	newsletter-archive/20190301-predicting-western-blot-band-sizes	0	2026-02-26 03:41:18	12070
332	6 IHC Controls You Should Know	newsletter-archive/20190123-6ihc-controls-you-should-know	0	2026-02-26 03:39:36	4461
329	What are you looking forward to in 2019? | BosterBio	newsletter-archive/20190103-what-are-you-looking-forward-2019	0	2026-02-26 03:38:42	4437
324	Happy Holidays from Boster!	newsletter-archive/20181220-happy-holidays-from-boster	0	2026-02-26 03:38:00	4904
321	2018 ASCB|EMBO Meeting Newsletter	newsletter-archive/20181205-2018-ascb-embo-meeting	0	2026-02-26 03:36:53	5355
318	Our heartfelt thanks to you | BosterBio	newsletter-archive/20181120-our-heartfelt-thanks-to-you	0	2026-02-26 03:36:05	6196
316	Research Spotlight – November 2018	newsletter-archive/20181107-research-spotlight-november2018	0	2026-02-26 03:35:21	41141
310	1300+ Rabbit Monoclonals available from Boster	newsletter-archive/20180926-1300-rabbit-monoclonals-available-from-boster	0	2026-02-26 03:34:38	14638
309	How to Choose a Good ELISA Kit | BosterBio	newsletter-archive/20180919-how-to-choose-a-good-elisa-kit	0	2026-02-26 03:34:14	4366
290	Get Better Results with Picokine™ ELISA	newsletter-archive/20180808-get-better-results-with-picokine-elisa	0	2026-02-26 03:33:55	14496
284	Predicting Western Blot Band Sizes |BosterBio	newsletter-archive/20180717-predicting-westernblot-band-sizes	0	2026-02-26 03:33:32	12256
262	PD-1 PD-L1 Pathway in Cancer	newsletter-archive/20180411-pd1-pdl1-cancer-pathway	0	2026-02-26 03:32:51	12070
243	3 Main Types of IHC and ICC Fixatives	newsletter-archive/20180328-ihc-fixative-types	0	2026-02-26 03:30:05	10739
233	Society of Toxicology 57th Annual Meeting & ToxExpo	newsletter-archive/20180306-sot2018	0	2026-02-26 03:29:20	23883
221	 IHC Controls You Should Know	newsletter-archive/20180124-6-ihc-controls-you-should-know	0	2026-02-26 03:28:51	62605
214	 western blot success	newsletter-archive/20171229-happy-new-year-from-boster	0	2026-02-26 03:27:27	22607
208	Pitfalls to Avoid for ELISA!	newsletter-archive/20171124-5-pitfalls-to-avoid-for-elisa	0	2026-02-26 03:26:44	21202
207	ASCB 2017 Conference Details and Promotions	newsletter-archive/20171117-ascb-2017-conference-details-and-promotions	0	2026-02-26 03:26:17	31612
197	 Helpful Tips FACS Multicolor Panel Design	newsletter-archive/20171027-6-helpful-tips-facs-multicolor-panel-design	0	2026-02-26 03:25:43	19195
196	Neuroscience 2017 Conference 	newsletter-archive/20171024-neuroscience-2017-conference-details-update	0	2026-02-26 03:25:20	22043
185	What are FMO controls? 3 recommendations...	newsletter-archive/20170926-fmo-control	0	2026-02-26 03:22:52	14421
180	Optimizing Western Blot Blocking	newsletter-archive/20170825-wb-blocking-optimization	0	2026-02-26 03:21:52	16173
178	Four Types of ELISA Assay	newsletter-archive/20170728-which-elisa	0	2026-02-26 03:20:41	14957
176	Optimizing HIER Antigen Retrieval Conditions	newsletter-archive/20170714-protocol-optimizing-hier	0	2026-02-26 03:20:15	18689
175	Counting Cells for FACS	newsletter-archive/20170630-counting-cells-facs	0	2026-02-26 03:03:23	14294
172	Use Checkerboard Titration to Optimize your ELISA Immunoassays	newsletter-archive/20170616-checkerboard-titration	0	2026-02-26 03:02:58	14696
101	Western Blot Troubleshooting: High Background | Bosterbio	frequently-asked-question/western-blot-troubleshooting-saturated-background	0	2026-02-26 02:58:22	16527
100	Western Blot Troubleshooting Weak Signal | Bosterbio	frequently-asked-question/western-blot-troubleshooting-low-signal	0	2026-02-26 02:57:44	15514
99	Western Blot Troubleshooting: Bands Wrong Molecular Weight | Bosterbio	frequently-asked-question/western-blot-troubleshooting-bands	0	2026-02-26 02:57:26	18245
98	Western Blot Troubleshooting: Distorted Bands | Bosterbio	frequently-asked-question/western-blot-troubleshooting-distorted-bands	0	2026-02-26 02:57:01	16675
97	Western Blot Troubleshooting: Background Blotchy, Flecked, or Dirty | Bosterbio	frequently-asked-question/western-blot-troubleshooting-background-trouble	0	2026-02-26 02:56:39	16106
95	IHC Troubleshooting: Overstaining | Boster	frequently-asked-question/ihc-troubleshooting-overstaining	0	2026-02-26 02:55:42	14169
340	Custom Antibody For Zebrafish, Drosophila, C Elegans	services/custom-antibody-for-rare-species-china	0	2026-02-26 02:04:17	9782
328	rare species updated page	rare-species-update	0	2026-02-26 02:03:54	16545
320	$600 Custom Antibody For Zebrafish, Drosophila, C. elegans	services/custom-antibody-for-rare-species-old	0	2026-02-26 02:02:53	23347
806	newsletter-sign-up	newsletter-sign-up	0	2026-01-13 06:55:16	21579
363	IHC Service Histopathology CRO Laboratory Service | Bosterbio	services/ihc-histology-services	0	2026-01-13 01:50:06	19271
261	IHC, IF, Histology Services | BosterBio	services/ihc-histology-services-a	0	2026-01-13 01:47:41	47045
357	Guidelines for Preparing ELISA Standards | BosterBio	preparing-elisa-standards	0	2025-11-02 21:49:21	6007
674	Test Component Page	test-component-page	0	2025-09-16 05:17:43	18699
544	Product Page Design Staging - Nauman	product-page-design-staging-nauman	0	2025-09-16 05:17:14	71048
275	Pathway Posters	pathway-posters-sample	0	2025-09-15 02:21:48	7344
48	Origami Challenge Download	origami-challenge-download	0	2025-09-15 02:20:51	2836
42	Origami Challenge	origami-challenge	0	2025-09-15 02:19:52	16883
36	Phone gadget give away	gadget-give-away	0	2025-09-15 02:19:00	16883
35	ELISA troubleshooting Handbook	elisa-troubleshooting-guide	0	2025-09-15 02:17:54	16190
33	IHC Troubleshooting Guide|Boster	ihc-troubleshooting-guide	0	2025-09-15 02:16:52	11690
305	Boster vs Sigma	boster-vs-sigma-new2018	0	2025-09-09 06:04:16	79021
245	How to Determine Antibody Cross-Reactivity	how-to-determine-antibody-cross-reactivity	0	2025-09-01 06:01:47	6915
540	Product UI staging	product-ui-staging	0	2025-09-01 05:42:17	21077
169	Boster Free Samples Policy	free-sample	0	2025-07-09 00:31:17	6076
783	Picoband Picokine Buy One Get One Free	promotions/picoband-picokine-buy-one-get-one-free-678725472ac98	0	2025-01-15 03:02:31	5700
704	Free Pipette Tips Join the Buy-one-get-one Now!	promotions/free-pipette-tips-join-the-buy-one-get-one-now	0	2024-12-11 18:09:08	5202
510	Review on Biocompare & Get a $30 Amazon Gift Card	promotions/review-on-biocompare-get-amazon-gift-card	0	2024-11-08 00:05:01	3836
167	ELISA Troubleshooting: Saturated Signals	newsletter-archive/20170428-elisa-troubleshooting-saturated-signals	0	2024-08-15 07:22:45	18228
218	Celebrating Boster 25th Anniversary | Bosterbio Promotions	25-anniversary-celebration-bosterbio-promotions	0	2024-08-15 07:08:43	8007
224	Celebrating Boster 25th Anniversary | Bosterbio Promotions	25-anniversary-celebration-bosterbio-promotions-2	0	2024-08-15 07:08:16	8034
371	Multiplex-Test-Ken	multiplex-test-ken	0	2024-08-15 06:37:44	16019
364	Boster Product Review Program	boster-product-review-program	0	2024-05-21 01:49:45	5865
372	Custom Antibody Review	promotions/review-on-biocompare-get-amazon-gift-card/custom-antibody	0	2024-05-21 01:36:27	4105
635	CJ template for service pages	cj-template-for-service-pages	0	2024-02-13 23:46:27	37235
682	multiplex-test	multiplex-test	0	2024-02-13 23:46:27	51209
509	Buy One and Get One Free - PicoKine™ ELISA Kits & Picoband™ Antibodies	promotions/bogo-picokine-elisa-picoband-antibody	0	2023-12-14 10:58:32	2537
666	50% OFF: PICOKINE® ELISA | Boster Bio	promotions/50-percent-off-picokine-elisa-kits	0	2023-12-14 10:58:14	183421
435	Custom Polyclonal Antibody Development Service	services/custom-polyclonal-antibody-development-service-draft	0	2023-08-21 06:55:06	12782
171	Optimizing your Antigen Retrieval Method - HIER vs. PIER	newsletter-archive/20170602-optimizing-antigen-retrieval-method	0	2023-06-04 13:09:50	16318
166	3 Guidelines for Using Secondary Antibodies -by Dr. Booster	newsletter-archive/20170416-guidelines-secondary-antibodies	0	2023-06-04 13:07:41	17936
163	Mini Guide to FACS Staining Controls	newsletter-archive/20170331-mini-guide-to-facs-staining-controls	0	2023-06-04 12:57:18	18660
162	FACS Sorting Preparation Checklist	newsletter-archive/20170320-facs-sorting-preparation-checklist	0	2023-06-04 12:56:37	17493
315	Visit Boster's Booth #3611 at Neuroscience 2018	newsletter-archive/20180926-visit-boster-booth3611-neuroscience2018	0	2023-06-04 10:32:29	5357
264	American Association of Immunologists Conference 2018	newsletter-archive/20180501-aai2018	0	2023-06-04 03:47:39	4339
244	Boster's April Events Itinerary	newsletter-archive/20180404-april-events-itinerary	0	2023-06-04 03:28:41	5867
240	Society of Toxicology 2018	newsletter-archive/20180306-society-of-toxicology-2018	0	2023-06-04 03:20:22	18660
213	Happy Holidays from Boster Bio!	newsletter-archive/20171222-happy-holidays-from-boster-bio	0	2023-06-03 11:25:10	29943
239	Guidelines for ELISA Standards Preparation	newsletter-archive/20180221-preparing-elisa-standards	0	2023-01-22 17:04:14	20836
356	ELISA Pitfalls to Avoid 	5-pitfalls-to-avoid-for-elisa	0	2023-01-22 13:02:50	6576
299	How to Choose a Good ELISA Kit	how-to-choose-a-good-elisa-kit	0	2023-01-22 11:16:35	9922
327	Predicting Western Blot Band Sizes	predicting-western-blot-band-sizes	0	2023-01-22 11:07:31	7689
312	ELISA Data Analysis - The Standard Curve	newsletter-archive/20181010-elisa-data-analysis-standard-curve	0	2023-01-02 16:56:17	5378
154	ELISA Kits Extra Components Prices | Bosterbio	elisa-additional-components-prices	0	2022-12-20 20:00:54	1478
304	5 Tips to Reduce Autofluorescence	5-tips-to-reduce-autofluorescence	0	2022-11-24 16:50:48	6145
314	5 Tips to Reduce Autofluorescence	newsletter-archive/20181024-5-tips-reduce-autofluorescence	0	2022-11-24 16:50:16	5829
281	How to perfect your ELISA standards	newsletter-archive/20180627-howto-perfect-your-elisa-standards	0	2022-11-24 16:39:57	5398
359	Perfect Your ELISA Standards	how-to-perfect-your-elisa-standards	0	2022-11-24 16:39:29	33045
358	3 Main Types of IHC/ICC Fixatives	ihc-fixative-types	0	2022-10-07 11:33:51	8915
538	Boster Bio Featured Products	featured-products	0	2022-09-30 23:05:47	256647
274	How to Perfect Your ELISA Standards	newsletter-archive/20180627-how-to-perfect-your-elisa-standards	0	2022-09-12 19:29:14	7114
256	Molecular Biology Fundamental Principles Review	protocol-and-troubleshooting/molecular-biology-principles-fundamental-review	0	2022-09-12 19:29:10	21233
11	Protocols and Troubleshooting | Boster Bio	protocol-troubleshooting	0	2022-09-12 19:29:10	13058
506	Alzheimer's Disease Test Page N1	alzheimer-s-disease-test-page-n1	0	2022-09-12 19:29:09	52619
453	Coronavirus: SARS-CoV-2 (COVID-19) Related Research Antibodies & Biomarker Panel	coronavirus-sars-cov-2-covid-19-antibodies-biomarkers-old	0	2022-09-12 19:07:05	209745
456	This is test page	this-is-test-page	0	2022-09-12 19:07:05	212942
467	Sign up test 	sign-up-test	0	2022-09-06 23:27:55	123
652	Purchase order lead time update	purchase-order-lead-time-update	0	2022-07-09 23:56:37	139
646	Blog Home (Test)	blog-home-test-nauman	0	2022-07-09 23:55:50	19969
644	Book a meeting with Boster Bio	services/booking	0	2022-07-09 23:54:45	516
638	Thank you custom antibody service	thank-you-custom-antibody-service	0	2022-07-09 23:54:34	1022
634	Customer Portal	customer-portal	0	2022-07-09 23:53:48	134
535	Boster Internal Purchase Order Managment	boster-internal-purchase-order-managment	0	2022-07-09 23:43:22	625
532	Promocell Datasheet	promocell-datasheet	0	2022-07-09 23:43:13	0
499	Tissue & Cell Markers	tissue-markers-cell-markers	0	2022-07-09 23:36:00	0
474	Sample Testing Services	services/sample-testing	0	2022-07-09 23:35:28	0
285	Internal Order Processing	orders	0	2022-07-09 23:20:00	138
200	Rabbit Monoclonal	rabbit-monoclonal	0	2022-06-24 05:53:11	196218
659	Introduction to Adeno-Associated Viruses (AAV)	protocol-and-troubleshooting/aav-principle-introduction	0	2022-05-20 21:30:47	17218
462	Environmental Surface Testing of COVID-19 Sars-CoV-2 Coronavirus	environmental-surface-testing-of-covid-19-sars-cov-2-coronavirus	0	2021-12-26 16:39:23	20778
293	September is World Alzheimer's Month	newsletter-archive/20180906-september-is-world-alzheimers-month	0	2021-11-02 06:17:08	6612
282	Custom Antibody Services for Your Research	newsletter-archive/20180703-custom-antibody-services-for-your-research	0	2021-11-01 11:09:30	5415
468	C. elegans & Zebrafish Gene Editing Services	services/c-elegans-zebrafish-gene-editing-services	0	2021-06-09 19:03:35	26695
20	ELISA Kit Troubleshooting, ELISA Test Kits | Antibody Company	elisa-troubleshooting	0	2021-03-28 22:17:40	5781
7	Boster Distributors | Geographic Listing (Old - before 20190726)	distributors-old	0	2021-03-28 22:05:14	90768
271	IHC Validated Antibodies	ihc-validated-antibodies	0	2021-03-28 22:05:14	14621
300	How to Choose a Good ELISA Kit	how-to-elisa-testpage	0	2021-03-28 22:05:14	12240
360	Test Multiplex kit page	testmultiplex	0	2021-03-28 22:05:14	19701
138	FACS Antibodies Free Sample | Boster	facs-antibodies-free-sample	0	2021-03-28 22:05:14	18077
419	Protein Infographic	protein-infographic-test	0	2021-03-28 22:05:14	14000
190	Free Sample Form Test (Version 1)	freesimplev1	0	2021-03-28 22:05:14	5314
194	Free Sample Form Test (Version 2)	freesimplev2	0	2021-03-28 22:05:14	5314
195	promopagetesting	promopagetesting	0	2021-03-28 22:05:14	6419
206	sandytest	sandytest	0	2021-03-28 22:05:14	32198
228	promotions-testpage	promotions-testpage	0	2021-03-28 22:05:14	32427
237	oxidative-stress-backup	oxidative-stress-backup	0	2021-03-28 22:05:14	15403
81	HTML staging page	html-staging	0	2021-03-23 09:29:59	75
325	6 IHC Controls You Should Know	6-ihc-controls-you-should-know	0	2020-12-30 12:03:41	7239
59	Unsubscribe	unsubscribe	0	2020-12-30 11:09:14	226
378	Multi-pack Promotion for Popular ELISA Kits	multi-pack-promotion-for-popular-elisa-kits	0	2020-12-28 19:30:28	28457
518	FocusGen Influenza Virus and SASCoV2 Multiplex OneStep RT PCR Test Kit	focusgen-influenza-virus-and-sascov2-multiplex-onestep-rt-pcr-test-kit	0	2020-12-28 19:21:58	9517
122	Western Blot Troubleshooting	frequently-asked-questions/western-blot-troubleshooting	0	2020-10-02 10:36:29	3830
8	Popular Resources | Western Blot IHC ELISA resources	frequently-asked-question	0	2020-10-02 10:35:36	18043
90	ELISA Troubleshooting: Weak Signal	frequently-asked-question/elisa-troubleshooting-low-signal	0	2020-10-01 12:59:15	6158
92	ELISA Troubleshooting: Matrix Effect	frequently-asked-question/elisa-troubleshooting-matrix-effect	0	2020-10-01 05:16:53	2285
88	IHC Troubleshooting: Nonspecific Staining | Boster	frequently-asked-question/ihc-troubleshooting-staining	0	2020-10-01 05:13:04	5545
94	IHC Troubleshooting: Weak Staining | Boster	frequently-asked-question/ihc-troubleshooting-low-staining	0	2020-10-01 05:06:01	17997
127	ELISA Troubleshooting: Well-to-Well Variation	frequently-asked-question/elisa-troubleshooting/well-variation	0	2020-10-01 04:54:39	4381
128	ELISA Troubleshooting: Low Sensitivity	frequently-asked-question/elisa-troubleshooting/low-sensitivity	0	2020-10-01 04:52:13	4987
86	IHC Antigen Retrieval | Bosterbio	frequently-asked-questions/ihc-troubleshooting-antigen-retrieval	0	2020-10-01 04:31:48	2060
258	Molecular Cloning - DNA Library Protocols	protocol-and-troubleshooting/molecular-biology-protocol-library-cloning-protocol	0	2020-09-30 09:55:40	7211
257	DNA & RNA Extraction & Purification Protocols	protocol-and-troubleshooting/molecular-biology-protocol-extraction-purifications	0	2020-09-30 09:55:33	10875
255	Molecular Biology Frequently Asked Questions	protocol-and-troubleshooting/molecular-biology-faqs	0	2020-09-30 09:55:20	16216
253	Polymerase Chain Reaction (PCR) Key Principles	protocol-and-troubleshooting/molecular-biology-principles-pcr	0	2020-09-30 09:55:14	33529
252	Molecular Cloning Basics and Library Construction	protocol-and-troubleshooting/molecular-biology-principle-library-construction-protocol	0	2020-09-30 09:53:19	18788
479	IHC Testing Service	ihc-service-test-page	0	2020-09-23 19:36:57	16461
28	IHC-Frozen Protocol | Bosterbio	protocol-and-troubleshooting/ihc-protocols/ihc-f-protocol	0	2020-09-15 15:48:20	10977
27	IHC Protocol for Paraffin Embedded Sections | Bosterbio	protocol-and-troubleshooting/ihc-protocols/ihc-p-protocol	0	2020-09-15 15:48:15	18244
25	ICC Immunofluorescence Protocol	protocol-and-troubleshooting/ihc-protocols/icc-protocol	0	2020-09-15 15:48:11	12092
12	Sandwich ELISA Kit Protocol Picokine | Boster Bio	protocol-and-troubleshooting/elisa-protocols/picokine	0	2020-09-15 13:02:11	10969
342	Custom Multiplex ELISA kit	custom-multiplex-elisa-old	0	2020-08-19 23:23:12	6855
343	ELISA Demo Package	multiplex-elisa-demo-options-old	0	2020-08-19 23:23:12	18267
483	Sandwich ELISA Service, Singleplex 1000+ Analytes available	services/assay-services/singleplex-elisa-old	0	2020-08-19 23:23:12	16135
249	Multiplex Assay Service | Bosterbio	services/assay-services/multiplex-assay-service-old	0	2020-08-19 23:23:12	19486
500	COVID Test	covid-test	0	2020-07-01 09:48:22	10520
266	ELISA Quality Control	elisa-quality-control	0	2020-06-28 02:44:02	6513
82	Multiplex Cytokine Assay Service | Bosterbio	services/multiplex-cytokine-assay-service-outdated	0	2020-06-13 23:03:00	21276
455	All Support Content Test Page	all-support-content-test-page	0	2020-06-02 04:37:05	9832
270	elisa troubleshooting test	elisa-test	0	2020-06-01 01:28:59	4721
63	Tell us more about your research interests	more-info	0	2020-06-01 01:28:59	76
72	mock up page	mock-up	0	2020-06-01 01:28:59	1613
78	Boster Satisfaction Survey | Share your feedback with Boster	feedback	0	2020-06-01 01:28:59	3369
91	Products By Research Area | Bosterbio	products-by-research-area	0	2020-06-01 01:28:59	5751
107	Products By Research Area: Cytokines	products-by-research-area/cytokines	0	2020-06-01 01:28:59	1100
136	flow-cytometry-antibodies	flow-cytometry-antibodies	0	2020-06-01 01:28:59	457
137	flow-cytometry-antibodies-free-samples	flow-cytometry-antibodies-free-samples	0	2020-06-01 01:28:59	38
444	New Product Detail Page 2020	new-product-detail-page-2020	0	2020-06-01 01:28:59	131660
201	Cytokine ELISA Kits	cytokine-kits	0	2020-06-01 01:28:59	181402
202	About your lab	about-your-lab	0	2020-06-01 01:28:59	11911
204	new lab program	new-lab-program	0	2020-06-01 01:28:59	5647
209	CJ tools image change	cj-image-change	0	2020-06-01 01:28:59	148
219	 Laboratory Technical Services 	services/laboratory-technical-services	0	2020-06-01 01:28:59	27536
238	Altruism Acknowledgement And Rewards Program	thank-you-for-helping-a-peer-scientist	0	2020-06-01 01:28:59	11029
41	Calculator Apps|Boster	calculators	0	2020-06-01 01:28:58	95
44	IHC Download	ihc-troubleshooting-guide-download	0	2020-06-01 01:28:58	2959
45	ELISA PRINCIPLE  DOWNLOAD	elisa-troubleshooting-guide-download	0	2020-06-01 01:28:58	2945
46	Phone gadget download	gadget-give-away-download	0	2020-06-01 01:28:58	2362
51	Redeem-Coupon	redeem-coupon	0	2020-06-01 01:28:58	723
53	Spread The Word	spread-the-word	0	2020-06-01 01:28:58	7484
55	Success Referral Program Signup	success-referral-program-signup	0	2020-06-01 01:28:58	167
57	Unsubscribe successful	unsubscribe-successful	0	2020-06-01 01:28:58	113
58	20% off for SFN 2015	sfn-2015-20off	0	2020-06-01 01:28:58	189
192	Save 99% Cost On Selected WB IHC Reagents	wb-ihc-reagents-price-compare	0	2020-06-01 01:27:46	27921
62	ELISA troubleshooting Handbook | Bosterbio	elisa-troubleshooting-handbook	0	2020-06-01 01:27:45	1880
43	Western Blotting Download	western-blotting-troubleshooting-guide-download	0	2020-06-01 01:27:11	2900
199	Boster vs Sigma	boster-vs-sigma	0	2020-05-16 23:52:00	100156
454	Bosterbio Gene Info Cards	bosterbio-gene-info-cards-old	0	2020-05-07 05:04:35	124
413	testdemo	testdemo	0	2020-04-12 20:11:27	22496
198	Boster vs Thermo	boster-vs-thermo-2017	0	2020-04-12 19:17:00	100301
272	Boster vs Thermo	boster-vs-thermo-test	0	2020-04-12 19:16:42	96103
265	Mouse Monoclonal Sample Promotion	monoclonalsample	0	2020-04-07 07:14:00	32744
283	Predicting Western Blot Band Sizes | BosterBio	predicting-western-blot-band-sizes-test	0	2020-04-07 07:14:00	6903
287	Pathway Maps Test	pathway-maps-test	0	2020-04-07 07:14:00	19982
216	Custom Rabbit Monoclonal Antibody Development Serivice-old	services/custom-rabbit-monoclonal-antibody-development-service-old	0	2020-04-07 07:14:00	11673
217	Recombinant Protein Expression Service (E. coli, Insect, Mammalian Cell)	services/recombinant-protein-expression-service-outdated	0	2020-04-07 07:14:00	18584
339	ELISA Promotion - Buy One Get One Free	buy-one-get-one-free-elisa-promotion	0	2020-04-02 21:15:55	47438
440	Search Results | Bosterbio	search	0	2020-02-24 22:55:58	127
19	ELISA Kit Protocol | Bosterbio	elisa-protocol	0	2019-06-27 14:56:27	17112
273	Pathway Map Posters	pathway-posters	0	2018-09-13 00:12:41	8598
234	newsletter-archive/testing	newsletter-archive/testing	0	2018-05-01 04:25:41	69667
248	Multiplex Cytokine Assay Service	testingtesting321	0	2018-04-11 05:48:28	24988
235	Oxidative Stress and Inflammation Products	oxidative-stress-inflammation-option2	0	2018-04-03 00:15:48	8357
211	troubleshooting-ebooks-testing-page	troubleshooting-ebooks-testing-page	0	2018-01-26 00:18:23	4166
149	Flow Cytometry Cell Markers Optimization Guide	protocol-and-troubleshooting/flow-cytometry-optimization/cell-markers	0	2017-03-04 05:45:29	7068
153	Flow Cytometry Fluorophores	protocol-and-troubleshooting/flow-cytometry-fluorophores	0	2016-12-29 05:22:47	277
155	Flow Cytometry Experimental Controls	protocol-and-troubleshooting/flow-cytometry-controls	0	2016-12-29 03:15:18	43
118	Western Blotting Transfer Membrane Optimization	protocol-and-troubleshooting/western-blotting-optimization/transfer-membrane	0	2016-09-30 03:45:46	2114
